100,NEM12,202205121050,WBAYM,
200,3053185744,B1,B1,B1,,250661872,kWh,30,
300,20210930,0,0,0,0,0,0,0,0,0,0,0,0,.017,.011,.014,.006,0,0,.058,.019,.254,.319,1.081,.523,.777,1.343,.947,.93,.627,.046,.034,.128,.051,.008,0,0,0,0,0,0,0,0,0,0,0,0,0,0,A,,,20211001083538,
200,3053185744,B1,B1,B1,,250661872,kWh,15,
300,20211001,0,0,0,0,0,0,0,0,0,0,0,0,0,0,0,0,0,0,0,0,0,0,0,0,0,0,0,.092,.12,.083,.023,0,.009,.015,0,0,.029,.195,.2,.197,.18,.015,.171,.082,.298,.449,.897,.624,.654,.703,.652,.661,.332,.801,.638,.695,1.072,.482,.256,.233,.267,.77,.307,.086,.064,.001,0,0,0,0,0,0,0,0,0,0,0,0,0,0,0,0,0,0,0,0,0,0,0,0,0,0,0,0,0,0,A,,,20211002084226,
300,20211002,0,0,0,0,0,0,0,0,0,0,0,0,0,0,0,0,0,0,0,0,0,0,0,.005,.067,.186,.182,.327,.472,.61,.66,.001,.014,.084,.126,.254,.17,.312,.972,1.164,1.169,1.143,.314,1.038,1.157,.687,.547,.801,.284,.299,1.01,.812,1.078,1.088,.79,.432,.426,.836,.638,.357,.614,.555,.363,.352,.359,.257,.178,.042,.025,0,0,0,0,0,0,0,0,0,0,0,0,0,0,0,0,0,0,0,0,0,0,0,0,0,0,0,A,,,20211003125126,
300,20211003,0,0,0,0,0,0,0,0,0,0,0,0,0,0,0,0,0,0,0,0,0,0,0,0,.011,.117,.287,.386,.463,.588,.182,0,.008,.138,.206,.261,.33,.329,.664,1.15,1.163,1.142,1.136,1.154,1.139,1.15,1.156,1.109,1.086,1.091,1.066,1.145,1.129,1.149,.755,.738,1.101,1.021,.902,.842,.765,.719,.589,.456,.322,.266,.052,.003,0,0,0,0,0,0,0,0,0,0,0,0,0,0,0,0,0,0,0,0,0,0,0,0,0,0,0,0,A,,,20211004130103,
300,20211004,0,0,0,0,0,0,0,0,0,0,0,0,0,0,0,0,0,0,0,0,0,0,0,.011,.055,.123,.214,.278,.419,.601,.674,.004,.07,.14,.218,.286,.366,.353,.352,.863,1.195,1.146,1.153,1.133,1.152,1.187,.964,.962,.896,1.165,1.141,1.151,1.141,1.183,1.178,1.147,.62,.404,.881,.859,.749,.487,.567,.444,.292,.234,.132,.077,.029,.001,0,0,0,0,0,0,0,0,0,0,0,0,0,0,0,0,0,0,0,0,0,0,0,0,0,0,A,,,20211005084948,
300,20211005,0,0,0,0,0,0,0,0,0,0,0,0,0,0,0,0,0,0,0,0,0,0,0,.002,.102,.202,.322,.427,.537,.684,.681,.039,.133,.19,.293,.344,1.057,1.195,1.189,1.184,1.204,1.204,1.198,1.193,1.172,1.209,1.193,1.209,1.185,1.181,1.205,1.209,1.213,1.193,1.193,1.198,1.191,.687,.538,.915,.86,.752,.648,.46,.356,.277,.142,.058,0,0,0,0,0,0,0,0,0,0,0,0,0,0,0,0,0,0,0,0,0,0,0,0,0,0,0,0,A,,,20211006103256,
300,20211006,0,0,0,0,0,0,0,0,0,0,0,0,0,0,0,0,0,0,0,0,0,0,0,.015,.06,.143,.319,.453,.505,.652,.694,.02,.092,.173,.253,.313,.339,.351,.343,.342,.262,.222,.321,.736,1.16,1.05,1.104,.949,.373,1.166,1.202,1.192,1.18,1.151,1.132,1.162,.416,.955,.872,.879,.8,.742,.623,.473,.365,.272,.135,.076,.017,0,0,0,0,0,0,0,0,0,0,0,0,0,0,0,0,0,0,0,0,0,0,0,0,0,0,0,A,,,20211007105245,
300,20211007,0,0,0,0,0,0,0,0,0,0,0,0,0,0,0,0,0,0,0,0,0,0,0,.011,.048,.164,.249,.154,.396,.621,.634,.02,.015,.06,.146,.197,.286,.513,1.002,.867,.964,.298,.854,1.139,1.074,.624,.016,.67,.981,1.104,.744,.7,.152,.593,.442,.348,.136,.187,.355,.309,.204,.17,.156,.127,.053,.014,0,0,0,0,0,0,0,0,0,0,0,0,0,0,0,0,0,0,0,0,0,0,0,0,0,0,0,0,0,0,A,,,20211008093130,
300,20211008,0,0,0,0,0,0,0,0,0,0,0,0,0,0,0,0,0,0,0,0,0,0,0,.001,.09,.188,.217,.365,.487,.592,.586,0,.018,.1,.176,.266,.308,.323,.316,.295,.811,1.182,1.197,1.187,1.175,.977,.265,.689,1.161,1.17,1.141,.891,1.121,1.156,1.14,.896,.93,.998,.991,.251,.722,.253,.444,.435,.336,.24,.139,.098,.042,.006,0,0,0,0,0,0,0,0,0,0,0,0,0,0,0,0,0,0,0,0,0,0,0,0,0,0,A,,,20211009095100,
300,20211009,0,0,0,0,0,0,0,0,0,0,0,0,0,0,0,0,0,0,0,0,0,0,0,.012,.043,.036,.091,.073,.338,.4,.497,.032,.062,.118,.181,.273,.293,.315,.345,1.059,1.197,1.17,1.186,1.181,1.159,1.159,1.141,1.141,1.141,1.213,1.163,1.105,1.136,1.166,1.14,.299,.94,.568,.748,.413,.658,.512,.493,.396,.327,.055,.062,.006,0,0,0,0,0,0,0,0,0,0,0,0,0,0,0,0,0,0,0,0,0,0,0,0,0,0,0,0,A,,,20211010113725,
300,20211010,0,0,0,0,0,0,0,0,0,0,0,0,0,0,0,0,0,0,0,0,0,0,0,.016,.074,.161,.264,.401,.461,.557,.478,0,.011,.051,.117,.159,.247,.691,1.069,1.146,1.201,1.205,1.205,1.15,1.145,1.085,.862,1.16,1.174,1.148,.925,.414,.28,.705,.163,.697,1.126,.736,1.038,.825,.428,.273,.511,.423,.321,.22,.125,.083,.02,0,0,0,0,0,0,0,0,0,0,0,0,0,0,0,0,0,0,0,0,0,0,0,0,0,0,0,A,,,20211011095354,
300,20211011,0,0,0,0,0,0,0,0,0,0,0,0,0,0,0,0,0,0,0,0,0,0,0,0,.001,.061,.184,.126,.196,.469,.618,.018,.041,.028,.087,.074,.27,.331,.323,.414,.993,.979,.97,1.176,1.132,1.003,1.094,.822,1.025,.524,.264,.324,.626,.425,.721,.348,.072,.375,.245,.336,.281,.187,.064,.051,.005,0,0,0,0,0,0,0,0,0,0,0,0,0,0,0,0,0,0,0,0,0,0,0,0,0,0,0,0,0,0,0,A,,,20211012090816,
300,20211012,0,0,0,0,0,0,0,0,0,0,0,0,0,0,0,0,0,0,0,0,0,0,0,0,0,.003,.015,.009,.047,.127,.166,0,0,0,0,0,0,.215,.447,.518,.416,.651,1.001,.717,.863,.694,.437,.627,.731,.853,.503,.065,.002,.019,.081,.221,.43,.663,.586,.368,.402,.095,.104,.144,.055,.019,.005,.006,.024,0,0,0,0,0,0,0,0,0,0,0,0,0,0,0,0,0,0,0,0,0,0,0,0,0,0,0,A,,,20211013083151,
300,20211013,0,0,0,0,0,0,0,0,0,0,0,0,0,0,0,0,0,0,0,0,0,0,0,0,0,.004,.06,.081,.089,.076,.201,0,0,0,0,.022,.015,.047,.033,.053,.071,.164,.901,.921,.826,.94,.724,.639,.487,1.001,.749,1.011,.73,.685,.58,.696,.752,1.101,.839,.178,.072,.613,.503,.301,.336,.273,.142,.064,.001,0,0,0,0,0,0,0,0,0,0,0,0,0,0,0,0,0,0,0,0,0,0,0,0,0,0,0,A,,,20211014093853,
300,20211014,0,0,0,0,0,0,0,0,0,0,0,0,0,0,0,0,0,0,0,0,0,0,0,0,0,0,0,0,.006,.023,.055,0,0,0,0,0,0,0,.013,0,.286,.346,.601,.574,.169,.157,.268,.468,.465,.352,.114,.242,.273,.254,.246,.278,.086,.128,.094,.104,.11,.17,.12,.021,.072,.076,.017,.035,.029,.008,0,0,0,0,0,0,0,0,0,0,0,0,0,0,0,0,0,0,0,0,0,0,0,0,0,0,A,,,20211015093618,
300,20211015,0,0,0,0,0,0,0,0,0,0,0,0,0,0,0,0,0,0,0,0,0,0,0,0,.021,.164,.237,.262,.22,.202,.632,.025,.12,.203,.266,.334,.34,.334,.32,.348,.756,1.196,1.206,1.176,1.186,1.182,1.206,1.199,1.202,1.2,.995,.681,1.1,1.149,1.148,1.161,.514,.773,1.03,.925,.822,.614,.536,.428,.343,.221,.12,.056,.003,0,0,0,0,0,0,0,0,0,0,0,0,0,0,0,0,0,0,0,0,0,0,0,0,0,0,0,A,,,20211016080417,
300,20211016,0,0,0,0,0,0,0,0,0,0,0,0,0,0,0,0,0,0,0,0,0,0,0,.004,.093,.214,.371,.446,.528,.634,.577,.023,.113,.169,.256,.297,.365,1.197,1.192,.318,.711,1.15,1.177,1.164,1.171,1.195,1.189,1.184,.942,1.151,.452,1.096,1.137,1.141,1.149,1.164,1.183,1.097,.892,.931,.806,.009,.525,.457,.365,.246,.132,.065,.008,0,0,0,0,0,0,0,0,0,0,0,0,0,0,0,0,0,0,0,0,0,0,0,0,0,0,0,A,,,20211017093658,
300,20211017,0,0,0,0,0,0,0,0,0,0,0,0,0,0,0,0,0,0,0,0,0,0,0,.024,.141,.235,.365,.486,.582,.684,.72,.01,.1,.215,.266,.339,.327,.358,1.008,1.182,1.19,1.175,1.158,1.147,1.157,1.16,.89,1.098,1.142,1.136,.965,1.188,1.186,.981,.462,1.147,1.16,1.065,.994,.844,.766,.543,.48,.331,.26,.186,.131,.026,.001,.002,0,0,0,0,0,0,0,0,0,0,0,0,0,0,0,0,0,0,0,0,0,0,0,0,0,0,A,,,20211018075827,
300,20211018,0,0,0,0,0,0,0,0,0,0,0,0,0,0,0,0,0,0,0,0,0,0,0,0,.002,.006,.017,.065,.12,.289,.259,.001,.126,.175,.15,.089,.018,.41,.813,.57,.295,.28,.024,0,.129,.267,.248,.22,.036,0,0,.002,0,0,0,0,0,0,0,0,0,0,0,.001,.001,.008,.006,0,.003,0,0,0,0,0,0,0,0,0,0,0,0,0,0,0,0,0,0,0,0,0,0,0,0,0,0,0,A,,,20211019081320,
300,20211019,0,0,0,0,0,0,0,0,0,0,0,0,0,0,0,0,0,0,0,0,0,0,0,.004,.056,.115,.277,.395,.506,.638,.708,.021,.118,.197,.277,.757,1.181,1.171,1.185,1.187,1.207,1.195,1.206,1.174,1.183,1.182,.844,.811,.96,.977,1.187,1.162,1.118,.956,.303,.518,.444,.634,.584,.444,.596,.415,.487,.402,.2,.239,.261,.126,.052,0,0,0,0,0,0,0,0,0,0,0,0,0,0,0,0,0,0,0,0,0,0,0,0,0,0,0,A,,,20211020073521,
300,20211020,0,0,0,0,0,0,0,0,0,0,0,0,0,0,0,0,0,0,0,0,0,0,0,.015,.114,.155,.35,.437,.395,.565,.324,.03,.04,.063,.095,.29,.332,.333,1.164,1.215,1.163,.836,.415,.208,.77,1.21,1.103,.875,.545,.826,1.054,1.135,1.187,.947,1.182,.979,.255,.074,.834,.775,.461,.218,.46,.401,.309,.201,.135,.063,0,0,0,0,0,0,0,0,0,0,0,0,0,0,0,0,0,0,0,0,0,0,0,0,0,0,0,0,A,,,20211021100352,
300,20211021,0,0,0,0,0,0,0,0,0,0,0,0,0,0,0,0,0,0,0,0,0,0,0,.005,.015,.075,.089,.143,.18,.383,.601,.067,.033,.172,.161,.106,.23,.573,1.132,1.152,1.046,.919,1.093,1.142,1.011,.106,.689,.837,.827,.867,.892,.979,.63,.362,.832,.141,.01,.052,.226,.797,.706,.386,.061,.249,.258,.172,.075,.018,.014,0,0,0,0,0,0,0,0,0,0,0,0,0,0,0,0,0,0,0,0,0,0,0,0,0,0,0,A,,,20211022103249,
300,20211022,0,0,0,0,0,0,0,0,0,0,0,0,0,0,0,0,0,0,0,0,0,0,0,0,0,0,.001,0,.014,.198,.151,0,0,.004,.007,.003,0,0,.075,.63,.696,.801,.934,.577,.804,.835,1.004,.827,1.08,.874,.498,.391,1.073,.926,1.082,.92,.326,.568,.838,.824,.629,.573,.465,.418,.299,.172,.149,.076,.026,0,0,0,0,0,0,0,0,0,0,0,0,0,0,0,0,0,0,0,0,0,0,0,0,0,0,0,A,,,20211023095430,
300,20211023,0,0,0,0,0,0,0,0,0,0,0,0,0,0,0,0,0,0,0,0,0,0,0,.016,.066,.062,.105,.372,.298,.323,.309,.04,.099,.157,.37,1.104,1.066,1.126,1.075,1.126,1.185,1.19,1.17,.667,1.051,1.109,1.083,.936,.899,.775,.55,.429,.618,.655,.968,.903,.776,.7,.338,.32,0,.372,.337,.317,.116,.071,.074,.012,.004,0,0,0,0,0,0,0,0,0,0,0,0,0,0,0,0,0,0,0,0,0,0,0,0,0,0,0,A,,,20211024100637,
300,20211024,0,0,0,0,0,0,0,0,0,0,0,0,0,0,0,0,0,0,0,0,0,0,0,.021,.1,.032,.11,.161,.235,.319,.419,0,0,0,.005,0,.006,.006,.187,.24,.31,.245,.242,1.009,1.043,1.033,1.065,.874,1.106,.968,1.012,1.037,1.029,1.137,1.189,1.031,1.083,.982,.45,.474,.719,.616,.516,.426,.321,.236,.139,.085,.021,.007,0,0,0,0,0,0,0,0,0,0,0,0,0,0,0,0,0,0,0,0,0,0,0,0,0,0,A,,,20211025093354,
300,20211025,0,0,0,0,0,0,0,0,0,0,0,0,0,0,0,0,0,0,0,0,0,0,0,0,0,.009,.059,.141,.287,.328,.365,.082,.019,.811,.924,.54,.576,.512,.736,.835,.537,.399,.333,.283,.109,.139,.117,.045,.095,.229,.373,.212,.304,.472,.318,.371,.57,.338,.233,.022,.292,.098,.072,.027,.038,.045,.006,.009,0,0,0,0,0,0,0,0,0,0,0,0,0,0,0,0,0,0,0,0,0,0,0,0,0,0,0,0,A,,,20211026095233,
300,20211026,0,0,0,0,0,0,0,0,0,0,0,0,0,0,0,0,0,0,0,0,0,0,0,.013,.104,.271,.218,.364,.467,.563,.649,.048,.117,.776,1.131,1.179,1.171,.72,.512,.418,.419,.392,.525,.505,.676,.47,.732,.73,1.106,1.172,1.199,.617,1.011,.991,.961,.599,.297,.45,.527,.226,.394,.125,.021,.341,.553,.411,.305,.151,.072,.012,.004,0,0,0,0,0,0,0,0,0,0,0,0,0,0,0,0,0,0,0,0,0,0,0,0,0,A,,,20211027100153,
300,20211027,0,0,0,0,0,0,0,0,0,0,0,0,0,0,0,0,0,0,0,0,0,0,.001,.027,.04,.171,.311,.419,.414,.331,.56,.195,.044,.086,.628,1.057,1.146,1.14,1.2,1.198,.857,1.14,.984,.824,1.097,1.062,.633,.59,1.032,1.197,1.202,1.109,1.183,1.045,1.082,1.067,1.04,.983,.91,.734,.639,.587,.488,.417,.292,.231,.138,.078,.043,.016,.002,0,0,0,0,0,0,0,0,0,0,0,0,0,0,0,0,0,0,0,0,0,0,0,0,0,A,,,20211028084153,
300,20211028,0,0,0,0,0,0,0,0,0,0,0,0,0,0,0,0,0,0,0,0,0,0,0,.002,.022,.202,.277,.396,.502,.609,.643,0,.055,.118,.222,.54,1.193,1.195,1.196,1.102,1.054,.998,1.107,.767,.644,1.177,.622,.857,1.102,1.123,1.147,1.119,.586,.559,1.038,.929,.847,.927,.452,.453,.235,.167,.284,.259,.121,.1,.031,.027,.002,0,0,0,0,0,0,0,0,0,0,0,0,0,0,0,0,0,0,0,0,0,0,0,0,0,0,0,A,,,20211029111049,
300,20211029,0,0,0,0,0,0,0,0,0,0,0,0,0,0,0,0,0,0,0,0,0,0,0,0,.018,.046,.013,.035,.009,.004,.014,0,0,0,0,.111,.163,.204,.224,.35,.466,.506,.51,.504,.317,.317,.417,.357,.056,.145,.106,.093,.204,.296,.048,.053,.08,.079,.14,.145,.061,.033,.029,.105,.018,.037,.01,.013,.003,.001,0,0,0,0,0,0,0,0,0,0,0,0,0,0,0,0,0,0,0,0,0,0,0,0,0,0,A,,,20211030113243,
300,20211030,0,0,0,0,0,0,0,0,0,0,0,0,0,0,0,0,0,0,0,0,0,0,0,.008,.126,.149,.092,.236,.518,.773,.452,.061,.121,.218,.237,.226,.511,1.208,1.193,1.189,1.193,1.208,1.028,.978,.782,.265,.02,0,.098,.072,.011,.001,.001,.004,.006,0,.232,.863,.699,.687,.503,.199,.063,.076,.101,.09,.027,.014,.046,.053,0,0,0,0,0,0,0,0,0,0,0,0,0,0,0,0,0,0,0,0,0,0,0,0,0,0,A,,,20211101103244,
300,20211031,0,0,0,0,0,0,0,0,0,0,0,0,0,0,0,0,0,0,0,0,0,.005,.047,.087,.011,.047,.242,.366,.392,.372,.472,.037,.035,.107,.117,.06,.405,.956,1.048,.902,.764,.965,.956,.92,1.118,1.068,.981,.884,1.162,1.139,.966,.979,.842,1.171,1.057,.78,.384,.57,.895,.579,.582,.483,.554,.337,.264,.174,.104,.043,0,.006,0,0,0,0,0,0,0,0,0,0,0,0,0,0,0,0,0,0,0,0,0,0,0,0,0,0,A,,,20211101081718,
300,20211101,0,0,0,0,0,0,0,0,0,0,0,0,0,0,0,0,0,0,0,0,0,.006,.015,.002,.107,.263,.391,.373,.541,.381,.38,.002,.015,0,.003,.019,.025,.064,.155,.505,1.024,1.06,.888,1.063,1.104,.829,.757,.31,.327,.582,.507,.147,.827,.92,.487,.626,.455,.573,.407,.03,.095,.177,.185,.261,.203,.148,.06,.033,.001,0,0,0,0,0,0,0,0,0,0,0,0,0,0,0,0,0,0,0,0,0,0,0,0,0,0,0,A,,,20211102114959,
300,20211102,0,0,0,0,0,0,0,0,0,0,0,0,0,0,0,0,0,0,0,0,0,0,.001,.018,.005,.047,.022,.011,.085,.321,.615,.043,0,.024,.022,0,.009,.021,.032,.36,.641,.952,.553,.604,.985,1.064,1.105,1.153,1.198,.791,.974,1.053,1.108,1.16,1.173,.792,.922,.357,.154,.257,.327,.196,.169,.121,.072,.022,.077,.031,.029,.001,0,0,0,0,0,0,0,0,0,0,0,0,0,0,0,0,0,0,0,0,0,0,0,0,0,0,A,,,20211103092904,
300,20211103,0,0,0,0,0,0,0,0,0,0,0,0,0,0,0,0,0,0,0,0,0,0,0,.021,.141,.256,.339,.132,.218,.415,.409,.058,.072,.008,.096,.036,.202,.143,.215,.087,.176,.334,.896,.975,.698,.729,.062,.296,.864,.602,.952,.794,.814,.404,1.19,.889,.711,.875,.798,.747,.381,.257,.404,.444,.289,.175,.218,.067,.031,0,0,0,0,0,0,0,0,0,0,0,0,0,0,0,0,0,0,0,0,0,0,0,0,0,0,0,A,,,20211104083948,
300,20211104,0,0,0,0,0,0,0,0,0,0,0,0,0,0,0,0,0,0,0,0,0,.006,.028,.054,.114,.221,.3,.405,.545,.264,.151,.018,.136,.116,.134,.055,.063,.195,.934,1.032,.968,.789,.568,.365,.395,.923,.93,.819,1.031,1.074,.835,.32,.843,1.111,1.197,1.123,.925,.849,.661,.645,.55,.381,.555,.429,.252,.224,.164,.079,.025,.002,0,0,0,0,0,0,0,0,0,0,0,0,0,0,0,0,0,0,0,0,0,0,0,0,0,0,A,,,20211105082033,
300,20211105,0,0,0,0,0,0,0,0,0,0,0,0,0,0,0,0,0,0,0,0,0,0,0,0,.005,.031,.078,.138,.15,.16,.203,0,0,0,.071,.021,.063,.131,.403,1.007,1.046,.726,.914,.687,.888,1.05,.854,.71,.715,.951,.872,.976,.611,.611,.386,1.183,1.138,.664,.758,.538,.594,.386,.295,.451,.142,.255,.151,.06,.002,0,0,0,0,0,0,0,0,0,0,0,0,0,0,0,0,0,0,0,0,0,0,0,0,0,0,0,A,,,20211106101525,
300,20211106,0,0,0,0,0,0,0,0,0,0,0,0,0,0,0,0,0,0,0,0,0,0,0,.02,.041,.11,.142,.19,.098,.304,.333,.043,.085,.559,1.049,.959,.46,.878,1.054,.852,.993,.632,.517,.388,.371,.363,.489,.938,1.072,1.109,1.198,.937,.986,.696,.815,.688,.577,.536,.304,.211,.056,0,.001,.007,.1,.12,.097,.043,.024,.044,.006,0,0,0,0,0,0,0,0,0,0,0,0,0,0,0,0,0,0,0,0,0,0,0,0,0,A,,,20211108154126,
300,20211107,0,0,0,0,0,0,0,0,0,0,0,0,0,0,0,0,0,0,0,0,0,0,.01,.084,.044,.209,.398,.143,.223,.238,.524,0,.01,.134,.186,.159,.081,.031,.06,.017,.302,.255,.265,.121,.117,.102,.316,.074,.585,.53,.857,.46,.711,1.103,.68,.454,.621,.404,0,0,.059,.403,.16,.042,0,0,0,0,0,0,0,0,0,0,0,0,0,0,0,0,0,0,0,0,0,0,0,0,0,0,0,0,0,0,0,0,A,,,20211108192520,
300,20211108,0,0,0,0,0,0,0,0,0,0,0,0,0,0,0,0,0,0,0,0,0,0,0,.003,.01,.022,.037,.07,.071,.06,.071,0,0,0,0,0,0,0,.056,.139,.248,.167,.246,.492,.438,.655,.558,.312,.166,.681,.463,.756,.081,1.046,1.072,.298,.023,.004,.381,.184,.455,.42,.445,.322,.343,.199,.104,.146,.01,0,0,0,0,0,0,0,0,0,0,0,0,0,0,0,0,0,0,0,0,0,0,0,0,0,0,0,A,,,20211109095454,
300,20211109,0,0,0,0,0,0,0,0,0,0,0,0,0,0,0,0,0,0,0,0,0,0,.021,.025,.045,.089,.2,.36,.345,.337,.323,0,0,0,0,.047,.041,.128,.31,.553,.668,.568,.454,0,.133,.9,.608,.722,.894,.518,.894,.411,.642,1.084,1.201,1.1,.293,.856,.657,.761,.699,.638,.426,.037,.254,.153,.06,.057,.015,.005,0,0,0,0,0,0,0,0,0,0,0,0,0,0,0,0,0,0,0,0,0,0,0,0,0,0,A,,,20211110151159,
300,20211110,0,0,0,0,0,0,0,0,0,0,0,0,0,0,0,0,0,0,0,0,0,0,0,0,0,.002,.014,.099,.015,.068,.141,0,0,0,0,0,0,.003,0,.176,.267,.369,.619,.658,.534,.913,.54,1.085,.725,.494,.033,.229,.268,.606,.297,.466,.34,.393,.423,.004,.406,.365,.389,.25,.128,.118,.033,0,0,0,0,0,0,0,0,0,0,0,0,0,0,0,0,0,0,0,0,0,0,0,0,0,0,0,0,0,A,,,20211111141323,
300,20211111,0,0,0,0,0,0,0,0,0,0,0,0,0,0,0,0,0,0,0,0,0,.002,.002,0,.031,.001,.048,.054,.187,.164,.22,0,0,0,.052,0,.195,.491,.306,.355,.263,.124,.516,.226,.037,.122,.03,0,0,0,0,.1,.058,.006,.006,.034,.047,.005,.028,.071,.093,.023,.049,.042,.072,.071,.019,0,0,0,0,0,0,0,0,0,0,0,0,0,0,0,0,0,0,0,0,0,0,0,0,0,0,0,0,0,A,,,20211112144937,
300,20211112,0,0,0,0,0,0,0,0,0,0,0,0,0,0,0,0,0,0,0,0,0,0,0,.001,.038,.011,0,.007,.001,.004,.002,0,0,0,0,0,.039,.18,.188,.259,.778,.924,.844,.887,1.088,1.17,1.04,.844,.848,.992,.949,.888,.675,.783,.822,1.043,.863,.448,.233,.543,.305,.225,.061,.309,.294,.203,.121,.058,.013,0,0,0,0,0,0,0,0,0,0,0,0,0,0,0,0,0,0,0,0,0,0,0,0,0,0,0,A,,,20211113073123,
300,20211113,0,0,0,0,0,0,0,0,0,0,0,0,0,0,0,0,0,0,0,0,0,0,.016,.055,.142,.229,.33,.502,.656,.778,.843,.118,.244,.289,.311,.232,.968,1.036,.28,.199,.85,1.107,1.117,.91,1.146,1.095,1.112,.931,1.152,1.07,1.081,.996,.426,1.071,1.015,1.14,.957,.85,.733,.785,.759,.491,.461,.353,.253,.21,.069,.06,.009,0,0,0,0,0,0,0,0,0,0,0,0,0,0,0,0,0,0,0,0,0,0,0,0,0,0,0,A,,,20211114074511,
300,20211114,0,0,0,0,0,0,0,0,0,0,0,0,0,0,0,0,0,0,0,0,0,0,.01,.03,.115,.182,.266,.341,.642,.737,.763,.026,.097,.165,.233,.324,.284,.644,.921,.273,.885,1.128,1.134,1.149,.561,.872,1.053,1.199,1.168,.436,.912,.985,1.153,1.169,1.158,.869,.938,.851,.764,.791,.591,.621,.557,.373,.324,.242,.147,.067,.007,0,0,0,0,0,0,0,0,0,0,0,0,0,0,0,0,0,0,0,0,0,0,0,0,0,0,0,A,,,20211115082648,
300,20211115,0,0,0,0,0,0,0,0,0,0,0,0,0,0,0,0,0,0,0,0,0,0,.001,.037,.098,.205,.303,.421,.563,.619,.708,0,.069,.148,.185,.253,.231,.26,.238,.095,.183,.564,.831,.363,.72,1.153,.558,.681,1.114,1.077,1.145,1.15,1.124,.477,.252,.484,.917,.875,.801,.095,.558,.566,.471,.379,.285,.237,.141,.066,.014,.001,0,0,0,0,0,0,0,0,0,0,0,0,0,0,0,0,0,0,0,0,0,0,0,0,0,0,A,,,20211116083342,
300,20211116,0,0,0,0,0,0,0,0,0,0,0,0,0,0,0,0,0,0,0,0,0,.001,.01,.075,.164,.239,.23,.304,.358,.696,.769,.052,.095,.054,.107,.386,1.014,1.114,1.196,1.196,1.196,1.202,1.18,1.207,1.171,1.134,1.114,.921,1.078,1.2,1.086,1.156,1.065,.829,.734,1.032,.574,.296,.266,.436,.494,.421,.636,.495,.419,.047,.054,.033,.006,0,0,0,0,0,0,0,0,0,0,0,0,0,0,0,0,0,0,0,0,0,0,0,0,0,0,0,A,,,20211117163759,
300,20211117,0,0,0,0,0,0,0,0,0,0,0,0,0,0,0,0,0,0,0,0,0,0,.006,.013,.101,.156,.255,.309,.412,.56,.585,.111,.093,.045,.019,.048,.574,1.009,.958,1.014,1.154,1.156,1.037,1.141,1.182,1.014,.998,1.066,1.026,.975,.367,.904,.961,1.153,1.038,.963,.54,.243,.844,.778,.776,.495,.569,.429,.364,.285,.127,.021,.002,.003,.001,0,0,0,0,0,0,0,0,0,0,0,0,0,0,0,0,0,0,0,0,0,0,0,0,0,A,,,20211118073853,
300,20211118,0,0,0,0,0,0,0,0,0,0,0,0,0,0,0,0,0,0,0,0,0,0,.001,.059,.084,.046,.221,.03,.22,.423,.554,.011,.024,.087,.02,.032,.032,.253,.143,.886,.801,.523,.616,1.156,1.143,1.197,.941,.781,1.043,.893,1.041,.86,.75,.024,.238,.324,.337,.094,.003,0,0,.067,.095,.147,.453,.276,.145,0,0,0,0,0,0,0,0,0,0,0,0,0,0,0,0,0,0,0,0,0,0,0,0,0,0,0,0,0,A,,,20211119073654,
300,20211119,0,0,0,0,0,0,0,0,0,0,0,0,0,0,0,0,0,0,0,0,0,0,.017,.025,.085,.194,.287,.332,.457,.661,.641,.026,.062,.116,.208,.265,.302,.584,1.061,.904,1.094,1.183,.95,1.053,1.053,1.11,1.195,1.132,.804,.999,.466,.903,.603,.195,.422,.887,.942,.27,.669,.512,.321,.268,.165,.202,.418,.259,.055,.086,.026,.03,.009,0,0,0,0,0,0,0,0,0,0,0,0,0,0,0,0,0,0,0,0,0,0,0,0,0,A,,,20211120084524,
300,20211120,0,0,0,0,0,0,0,0,0,0,0,0,0,0,0,0,0,0,0,0,0,0,.018,.068,.069,.166,.263,.361,.5,.681,.72,.024,.088,.14,.339,1.11,1.125,1.169,1.158,1.177,1.206,1.195,1.149,.552,.291,.601,1.017,.987,.85,1.115,1.076,1.02,.871,.341,.25,.299,.125,.361,.301,.347,.405,.282,.064,.047,.063,.117,.074,.028,.024,.001,0,0,0,0,0,0,0,0,0,0,0,0,0,0,0,0,0,0,0,0,0,0,0,0,0,0,A,,,20211121093128,
300,20211121,0,0,0,0,0,0,0,0,0,0,0,0,0,0,0,0,0,0,0,0,0,0,0,0,0,0,.038,.195,.079,.128,.145,0,0,0,0,0,.045,.248,.212,.156,.082,.287,.332,.39,.269,.159,.206,.183,.159,.011,.219,.508,.196,.058,.11,.053,.059,.058,.025,.128,.142,.215,.234,.184,.154,.105,.056,.01,0,0,0,0,0,0,0,0,0,0,0,0,0,0,0,0,0,0,0,0,0,0,0,0,0,0,0,0,A,,,20211122073455,
300,20211122,0,0,0,0,0,0,0,0,0,0,0,0,0,0,0,0,0,0,0,0,0,0,0,0,.002,.114,.059,.026,.082,.161,.169,0,0,0,0,0,0,.136,.784,.873,.648,.961,1.086,1.034,1.038,1.005,1.124,1.151,.856,.773,.987,.805,.785,.544,.692,.843,.803,.242,.587,.565,.444,.686,.298,.292,.315,.074,.062,.117,.078,.016,0,0,0,0,0,0,0,0,0,0,0,0,0,0,0,0,0,0,0,0,0,0,0,0,0,0,A,,,20211123093418,
300,20211123,0,0,0,0,0,0,0,0,0,0,0,0,0,0,0,0,0,0,0,0,0,0,.023,.03,.05,.076,.021,.067,.113,.114,.234,0,0,0,0,0,0,.018,.275,.337,.381,.247,.525,1.146,1.089,.423,.276,.459,.662,.7,.3,.894,1.003,.75,.824,.613,.603,.695,.346,.022,.305,.194,.354,.234,.294,.218,.023,.042,.008,0,0,0,0,0,0,0,0,0,0,0,0,0,0,0,0,0,0,0,0,0,0,0,0,0,0,0,A,,,20211124094619,
300,20211124,0,0,0,0,0,0,0,0,0,0,0,0,0,0,0,0,0,0,0,0,0,0,0,0,0,.003,.052,.088,.232,.204,.172,.007,.01,.026,0,.044,.012,.128,.389,.841,1.081,1.143,.816,1.045,.968,1.17,.67,.926,.986,1.097,.799,.549,.896,.237,.499,.861,.783,.657,.66,.216,.088,.636,.319,.534,.244,.257,.118,.001,.009,.027,.048,.011,.002,0,0,0,0,0,0,0,0,0,0,0,0,0,0,0,0,0,0,0,0,0,0,0,A,,,20211125093459,
300,20211125,0,0,0,0,0,0,0,0,0,0,0,0,0,0,0,0,0,0,0,0,0,0,0,0,0,0,0,0,.051,.077,.038,0,0,0,0,0,.001,.041,.088,.128,.296,.14,.135,.049,.015,.136,.298,.19,.314,.384,.343,.336,.332,.537,.44,.203,.088,.088,.125,.206,.028,.243,.287,.342,.102,.142,.017,.078,.031,0,0,0,0,0,0,0,0,0,0,0,0,0,0,0,0,0,0,0,0,0,0,0,0,0,0,0,A,,,20211126094620,
300,20211126,0,0,0,0,0,0,0,0,0,0,0,0,0,0,0,0,0,0,0,0,0,0,0,0,0,0,.001,0,.005,.089,.209,0,0,0,0,.011,.052,.222,.351,.175,.925,.806,.772,.454,.481,.893,.854,.887,.653,.907,.547,.445,.904,.904,.634,.05,.48,.708,.415,.434,.331,.203,.009,.209,0,.013,.008,.016,.017,0,.001,0,0,0,0,0,0,0,0,0,0,0,0,0,0,0,0,0,0,0,0,0,0,0,0,0,A,,,20211127091129,
300,20211127,0,0,0,0,0,0,0,0,0,0,0,0,0,0,0,0,0,0,0,0,0,.019,.009,.02,.022,.044,.087,.059,.171,.246,.296,.005,.013,.113,.089,.594,.904,.53,.507,.434,.919,.895,1.087,1.045,1.175,.93,.85,.686,.814,.868,1.078,.864,.858,.503,.227,.313,.631,.715,.693,.499,.486,.578,.525,.486,.401,.351,.287,.2,.107,.05,.036,.007,0,0,0,0,0,0,0,0,0,0,0,0,0,0,0,0,0,0,0,0,0,0,0,0,A,,,20211128092555,
300,20211128,0,0,0,0,0,0,0,0,0,0,0,0,0,0,0,0,0,0,0,0,0,.002,.039,.066,.09,.202,.22,.154,.12,.339,.345,0,0,.204,.343,.313,.457,.326,.182,.176,.523,.555,.594,.203,.449,.524,.35,.531,.566,.581,.644,.898,1.076,.659,.422,.661,.773,.806,.678,.613,.638,.567,.599,.522,.229,.131,.089,.044,.005,0,0,0,0,0,0,0,0,0,0,0,0,0,0,0,0,0,0,0,0,0,0,0,0,0,0,0,A,,,20211129085253,
300,20211129,0,0,0,0,0,0,0,0,0,0,0,0,0,0,0,0,0,0,0,0,0,0,.01,.058,.11,.188,.257,.326,.473,.409,.435,.018,.055,.346,1.11,1.14,.904,1.003,1.05,1.126,.937,.919,.919,.812,.815,.923,.869,.748,.826,.606,.592,.567,.514,.504,.411,.334,.78,.487,.454,.309,.538,.465,.223,.125,.146,.127,.161,.065,.067,.008,0,0,0,0,0,0,0,0,0,0,0,0,0,0,0,0,0,0,0,0,0,0,0,0,0,0,A,,,20211130094001,
300,20211130,0,0,0,0,0,0,0,0,0,0,0,0,0,0,0,0,0,0,0,0,0,0,.001,.02,.008,.002,.011,.026,.091,.084,.055,0,0,0,.081,.129,.179,.215,.23,.226,.227,.253,.197,.223,.292,.252,.235,.296,.179,.134,.145,.103,.034,.042,.067,.103,.092,.062,.021,.005,.014,.019,.026,.011,.018,.006,.001,0,0,0,0,0,0,0,0,0,0,0,0,0,0,0,0,0,0,0,0,0,0,0,0,0,0,0,0,0,A,,,20211201093118,
300,20211201,0,0,0,0,0,0,0,0,0,0,0,0,0,0,0,0,0,0,0,0,0,0,0,.052,.071,0,0,0,0,.011,.191,0,0,0,0,0,0,0,0,0,.073,.077,.461,.411,.335,.27,.534,.934,.431,.326,.481,.661,.312,.289,.439,.279,.933,.971,.751,.381,.715,.635,.531,.374,.215,.228,.142,.041,.025,.009,0,0,0,0,0,0,0,0,0,0,0,0,0,0,0,0,0,0,0,0,0,0,0,0,0,0,A,,,20211202093803,
300,20211202,0,0,0,0,0,0,0,0,0,0,0,0,0,0,0,0,0,0,0,0,0,0,.011,.052,.047,.049,.05,.117,.078,.057,.124,0,0,0,.172,.446,.694,.475,.429,.499,.369,.798,.75,.903,.613,.607,.533,.618,.348,.523,1.019,.706,.091,.158,.625,.234,.067,.117,.435,.528,.252,.215,.221,.243,.197,.204,.11,.063,.002,0,0,0,0,0,0,0,0,0,0,0,0,0,0,0,0,0,0,0,0,0,0,0,0,0,0,0,A,,,20211203095611,
300,20211203,0,0,0,0,0,0,0,0,0,0,0,0,0,0,0,0,0,0,0,0,0,.001,.01,.058,.088,.187,.117,.219,.382,.456,.485,0,.018,.028,.146,.254,.986,.83,.457,.845,1.165,1.024,.754,.88,.893,1.095,1.085,1.187,1.173,1.174,.736,.319,.811,.931,.9,.935,.87,.848,.879,.461,.411,.51,.053,.393,.31,.228,.133,.071,.003,0,0,0,0,0,0,0,0,0,0,0,0,0,0,0,0,0,0,0,0,0,0,0,0,0,0,0,A,,,20211204083846,
300,20211204,0,0,0,0,0,0,0,0,0,0,0,0,0,0,0,0,0,0,0,0,0,0,.006,.02,.066,.083,.261,.298,.419,.521,.564,.004,.076,.13,.302,1.081,1.151,1.189,1.173,1.143,.245,.156,.154,.937,1.165,1.198,1.124,1.173,.743,.725,.697,1.019,.484,.44,.514,.416,.915,.367,.261,.254,.156,.135,.363,.412,.229,.142,.069,.033,.078,.037,.022,0,0,0,0,0,0,0,0,0,0,0,0,0,0,0,0,0,0,0,0,0,0,0,0,0,A,,,20211205093622,
300,20211205,0,0,0,0,0,0,0,0,0,0,0,0,0,0,0,0,0,0,0,0,0,0,.003,.028,.015,.014,.119,.32,.387,.558,.689,.038,.13,.202,.247,.207,.505,.725,.937,1.056,1.08,.967,1.068,.8,1.072,.594,.635,1.033,.848,1.137,1.056,.943,1.039,.593,.204,.863,.914,.816,.372,.185,.271,.171,0,.199,.192,.064,.149,.08,.025,.01,.004,0,.012,.001,0,0,0,0,0,0,0,0,0,0,0,0,0,0,0,0,0,0,0,0,0,0,A,,,20211206073502,
300,20211206,0,0,0,0,0,0,0,0,0,0,0,0,0,0,0,0,0,0,0,0,0,0,.007,.031,.103,.18,.24,.26,.395,.423,.504,.001,.095,.108,.172,.135,.249,.961,1.037,.651,.905,1.045,.813,.228,.697,.258,.758,1.042,1.033,.884,1.067,.624,.846,.819,1.033,.821,.701,.316,.392,.614,.543,.409,.407,.556,.26,.139,.272,.183,.128,.092,.057,.001,0,0,0,0,0,0,0,0,0,0,0,0,0,0,0,0,0,0,0,0,0,0,0,0,A,,,20211207085335,
300,20211207,0,0,0,0,0,0,0,0,0,0,0,0,0,0,0,0,0,0,0,0,0,0,0,.004,.009,.008,.006,.041,.082,.112,.157,0,0,0,0,.013,.014,.061,.415,.562,.646,.831,.942,.95,.892,1.148,.965,.522,.324,.538,.585,.336,.993,1.046,.439,.804,.832,.413,.422,.283,.091,.206,.168,.169,.137,.172,.074,.05,.005,.035,.005,0,0,0,0,0,0,0,0,0,0,0,0,0,0,0,0,0,0,0,0,0,0,0,0,0,A,,,20211208080128,
300,20211208,0,0,0,0,0,0,0,0,0,0,0,0,0,0,0,0,0,0,0,0,0,0,0,0,0,.022,.043,.009,.053,.181,.227,0,0,.003,0,.307,.6,.017,.279,.231,.187,.622,.595,.379,.613,.332,.047,.652,.663,1.01,.978,.897,.425,.056,.051,.252,.562,.352,.156,.067,.047,.003,0,0,.01,0,.024,0,0,0,0,0,0,0,0,0,0,0,0,0,0,0,0,0,0,0,0,0,0,0,0,0,0,0,0,0,A,,,20211209073938,
300,20211209,0,0,0,0,0,0,0,0,0,0,0,0,0,0,0,0,0,0,0,0,0,0,0,.038,.074,0,.001,.145,.381,.439,.517,0,.026,.125,.201,.235,.048,0,.009,.466,1.166,1.032,.904,.681,.966,1.176,.934,1.103,1.06,1.015,.838,.6,.763,1.083,.768,.841,.7,.675,.132,0,.336,.523,.434,.249,.083,.024,0,0,.009,0,0,0,0,0,0,0,0,0,0,0,0,0,0,0,0,0,0,0,0,0,0,0,0,0,0,0,A,,,20211210111527,
300,20211210,0,0,0,0,0,0,0,0,0,0,0,0,0,0,0,0,0,0,0,0,0,0,.001,.037,.089,.106,.168,.215,.287,.352,.315,0,.016,.04,.168,.249,.256,.415,.793,.971,.601,.395,.544,.586,.463,.573,.547,.884,.777,.756,.191,.849,1.095,.984,.929,.876,.85,.806,.758,.74,.676,.602,.529,.411,.326,.238,.116,.067,.007,0,0,0,0,0,0,0,0,0,0,0,0,0,0,0,0,0,0,0,0,0,0,0,0,0,0,0,A,,,20211211081415,
300,20211211,0,0,0,0,0,0,0,0,0,0,0,0,0,0,0,0,0,0,0,0,0,0,0,.003,.057,.168,.274,.354,.456,.523,.591,0,.046,.158,.235,.302,1.19,1.131,.275,.376,.91,1.07,.508,.537,1.19,1.189,1.076,1.122,1.046,.983,1.068,1.169,1.084,.874,.241,.865,.763,.822,.772,.727,.66,.595,.233,.238,.3,.224,.127,.073,.035,.025,.011,.001,0,0,0,0,0,0,0,0,0,0,0,0,0,0,0,0,0,0,0,0,0,0,0,0,A,,,20211212094921,
300,20211212,0,0,0,0,0,0,0,0,0,0,0,0,0,0,0,0,0,0,0,0,0,0,.006,.036,.077,.104,.185,.194,.228,.394,.521,.004,.011,.02,.084,.613,.762,.801,1.061,1.033,.986,1.05,.983,.966,1.008,.948,.343,.804,1.055,.678,1.137,1.177,.895,.998,.758,1.079,.89,.257,.115,.048,.046,.077,.08,.234,.411,.394,.111,.067,.042,.012,.003,0,0,0,0,0,0,0,0,0,0,0,0,0,0,0,0,0,0,0,0,0,0,0,0,0,A,,,20211213083438,
300,20211213,0,0,0,0,0,0,0,0,0,0,0,0,0,0,0,0,0,0,0,0,0,.001,0,.036,.104,.166,.207,.211,.289,.512,.422,.005,.012,.097,.891,1.099,1.134,1.174,1.182,.785,.859,.596,.87,.989,1.073,1.183,1.098,.778,.687,.424,1.083,.804,.723,.919,.645,.271,.081,.77,.176,.171,.259,.504,.589,.466,.361,.034,.068,.002,0,0,.001,0,0,0,0,0,0,0,0,0,0,0,0,0,0,0,0,0,0,0,0,0,0,0,0,0,A,,,20211214094411,
300,20211214,0,0,0,0,0,0,0,0,0,0,0,0,0,0,0,0,0,0,0,0,0,0,0,.026,.053,.139,.246,.319,.616,.501,.533,0,.01,.09,.162,.342,.305,.985,.566,.349,1.182,1.187,1.143,1.126,.964,.966,1.011,1.086,1.201,1.198,1.202,1.196,1.099,.529,.662,.955,.9,.756,.753,.767,.689,.613,.436,.45,.343,.242,.13,.089,.012,0,0,0,0,0,0,0,0,0,0,0,0,0,0,0,0,0,0,0,0,0,0,0,0,0,0,0,A,,,20211215103929,
300,20211215,0,0,0,0,0,0,0,0,0,0,0,0,0,0,0,0,0,0,0,0,0,0,0,.018,.071,.116,.084,.279,.422,.482,.52,0,.006,.074,.202,.259,1.007,1.172,1.197,1.189,1.203,1.192,1.202,1.193,1.203,1.179,1.195,1.192,1.188,1.059,1.052,1.098,1.096,.608,.359,.907,.844,.78,.729,.709,.601,.615,.552,.406,.367,.236,.167,.072,.027,0,0,0,0,0,0,0,0,0,0,0,0,0,0,0,0,0,0,0,0,0,0,0,0,0,0,0,A,,,20211216075946,
300,20211216,0,0,0,0,0,0,0,0,0,0,0,0,0,0,0,0,0,0,0,0,0,0,.008,.048,.084,.025,.132,.242,.337,.207,.229,0,0,.091,.184,.086,.079,.311,.171,.057,.082,.943,.502,1.187,1.139,1.08,.832,1.162,1.127,.995,.783,.436,.228,.45,.915,.889,.921,.786,.866,.533,.426,.477,.495,.388,.207,.166,.201,.098,.015,0,0,.001,0,0,0,0,0,0,0,0,0,0,0,0,0,0,0,0,0,0,0,0,0,0,0,0,A,,,20211217120832,
300,20211217,0,0,0,0,0,0,0,0,0,0,0,0,0,0,0,0,0,0,0,0,0,0,.005,.005,.058,.092,.124,0,.058,.401,.328,.001,.017,.083,.194,.198,.169,.323,.325,.326,.335,.522,1.186,1.172,1.151,1.169,1.097,1.054,1.124,1.113,1.117,1.165,.355,.354,.989,.963,.669,.77,.763,.427,.714,.381,.1,.12,.225,.063,.076,.016,.003,.001,.001,0,0,0,0,0,0,0,0,0,0,0,0,0,0,0,0,0,0,0,0,0,0,0,0,0,A,,,20211218094855,
300,20211218,0,0,0,0,0,0,0,0,0,0,0,0,0,0,0,0,0,0,0,0,0,0,0,.033,.079,.214,.14,.24,.197,.542,.47,.004,.002,.005,.13,.227,.713,.81,.984,.661,1.048,1.039,1.112,.961,1.086,1.045,.688,.657,.893,.74,1.058,1.012,.942,1.069,.842,.934,.806,.797,.788,.029,.67,.596,.523,.409,.333,.24,.144,.062,.012,0,0,0,0,0,0,0,0,0,0,0,0,0,0,0,0,0,0,0,0,0,0,0,0,0,0,0,A,,,20211219084049,
300,20211219,0,0,0,0,0,0,0,0,0,0,0,0,0,0,0,0,0,0,0,0,0,0,0,0,.019,.094,.147,.326,.404,.499,.522,0,.004,.121,.588,1.096,1.152,1.189,1.177,1.19,1.19,1.186,1.193,1.191,.621,.827,1.162,1.173,1.193,1.177,1.195,1.181,1.117,1.03,1.013,.962,.878,.463,.336,.714,.751,.584,.615,.508,.447,.36,.24,.151,.054,.014,.004,0,0,0,0,0,0,0,0,0,0,0,0,0,0,0,0,0,0,0,0,0,0,0,0,0,A,,,20211220081826,
300,20211220,0,0,0,0,0,0,0,0,0,0,0,0,0,0,0,0,0,0,0,0,0,0,0,.022,.101,.093,.247,.296,0,.468,.225,0,.006,.005,.592,1.01,1.091,.977,1.142,.923,1.175,1.173,.413,.75,1.076,1.118,1.13,.716,1.094,1.102,.951,.529,.728,.591,.793,.865,.926,.456,0,.04,.552,.632,.374,.135,.201,.277,.17,.067,.032,.002,.003,0,0,0,0,0,0,0,0,0,0,0,0,0,0,0,0,0,0,0,0,0,0,0,0,0,A,,,20211221103659,
300,20211221,0,0,0,0,0,0,0,0,0,0,0,0,0,0,0,0,0,0,0,0,0,0,0,0,0,.006,.035,.093,.098,.071,.135,0,0,.02,.212,1.022,1.002,.816,1.017,1.095,1.102,.891,.956,.977,.984,.419,.669,1.145,.931,1.12,1.057,.771,.957,.902,.881,.776,.803,.718,.68,.699,.066,.519,.381,.136,.24,.215,.183,.117,.016,0,0,0,0,0,0,0,0,0,0,0,0,0,0,0,0,0,0,0,0,0,0,0,0,0,0,0,A,,,20211222085914,
300,20211222,0,0,0,0,0,0,0,0,0,0,0,0,0,0,0,0,0,0,0,0,0,0,0,.015,.044,.072,.166,.285,.379,.466,.492,0,0,.003,.118,.149,.208,.919,1.18,1.182,1.191,.779,.353,.843,1.163,1.154,1.193,1.174,1.186,1.171,1.062,1.004,.995,.926,.921,.368,.477,.818,.754,.726,.53,.175,.187,.184,.169,.089,.077,.058,.012,.009,0,0,0,0,0,0,0,0,0,0,0,0,0,0,0,0,0,0,0,0,0,0,0,0,0,0,A,,,20211223075503,
300,20211223,0,0,0,0,0,0,0,0,0,0,0,0,0,0,0,0,0,0,0,0,0,.012,.06,.117,.055,.063,.082,.289,.262,.164,.254,0,0,.023,.173,.247,.3,.798,.985,.877,1.032,1.152,.574,.648,.952,.529,.696,.174,.275,.774,.717,.338,.625,.578,.702,.428,.12,.579,.388,.293,.278,.128,.339,.266,.189,.185,.134,.125,.109,.031,.019,.006,0,0,0,0,0,0,0,0,0,0,0,0,0,0,0,0,0,0,0,0,0,0,0,0,A,,,20211224080901,
300,20211224,0,0,0,0,0,0,0,0,0,0,0,0,0,0,0,0,0,0,0,0,0,0,0,0,.028,.094,.11,.218,.24,.243,.453,.005,.016,.001,.007,.716,.657,.786,.987,.895,.803,1.035,1.032,1.002,1.036,.795,.737,.213,.998,.797,.623,.919,.633,.867,.881,.532,.42,.113,.285,.207,.009,.043,.21,.169,.15,.139,.062,.017,.011,0,0,0,0,0,0,0,0,0,0,0,0,0,0,0,0,0,0,0,0,0,0,0,0,0,0,0,A,,,20211225085737,
300,20211225,0,0,0,0,0,0,0,0,0,0,0,0,0,0,0,0,0,0,0,0,0,0,.005,.029,.021,.026,.126,.211,.317,.257,.168,0,0,0,0,0,.027,.218,0,.19,.538,.568,.548,.482,.602,.027,.682,.89,.222,.347,.828,.82,.092,.09,.046,.123,.237,.475,.365,.156,.219,.216,.319,.264,.003,.007,0,0,0,0,.064,.05,.045,.013,0,0,0,0,0,0,0,0,0,0,0,0,0,0,0,0,0,0,0,0,0,0,A,,,20211226093327,
300,20211226,0,0,0,0,0,0,0,0,0,0,0,0,0,0,0,0,0,0,0,0,0,0,.002,.018,.061,.063,.012,.02,.018,.108,.212,.001,0,0,0,.001,.017,0,.02,.617,.659,.978,.708,.061,.196,1.041,.76,.551,.629,.638,.818,.225,1.048,.752,.676,.732,.712,.501,.334,.296,.189,.656,.381,.422,.394,.288,.205,.108,.038,0,.009,0,.024,.001,0,0,0,0,0,0,0,0,0,0,0,0,0,0,0,0,0,0,0,0,0,0,A,,,20211227083719,
300,20211227,0,0,0,0,0,0,0,0,0,0,0,0,0,0,0,0,0,0,0,0,0,0,.001,.011,.026,.098,.158,.222,.33,.465,.399,0,0,.084,.188,.113,.07,.11,.122,.116,.133,.193,.171,.283,.856,1.14,1.138,.502,.272,.849,1.173,.966,.81,1.016,.846,.145,.924,.811,.962,.557,.179,.059,.227,.232,.129,.136,.221,.159,.146,.017,0,0,0,0,0,0,0,0,0,0,0,0,0,0,0,0,0,0,0,0,0,0,0,0,0,0,A,,,20211228075239,
300,20211228,0,0,0,0,0,0,0,0,0,0,0,0,0,0,0,0,0,0,0,0,0,0,0,.011,.031,.132,.087,.181,.288,.24,.102,.005,0,0,0,0,.196,.008,0,0,0,.292,.536,.04,.23,.55,.514,.522,.17,.259,.329,.306,.04,.264,.173,.261,.494,.466,.425,.577,.435,.269,.354,.225,.164,.158,.089,.01,.009,0,0,.006,0,0,0,0,0,0,0,0,0,0,0,0,0,0,0,0,0,0,0,0,0,0,0,0,A,,,20211229073756,
300,20211229,0,0,0,0,0,0,0,0,0,0,0,0,0,0,0,0,0,0,0,0,0,0,0,.001,.007,.012,.098,.107,.331,.425,.487,0,.017,.046,.153,.55,1.104,1.106,1.057,1.17,1.13,.98,1.14,.966,.827,.921,1.071,.891,.089,.489,1.107,.734,.896,1.045,.976,.646,.917,.158,.584,.578,.779,.388,.162,.107,.18,.113,.046,0,0,0,0,0,0,0,0,0,0,0,0,0,0,0,0,0,0,0,0,0,0,0,0,0,0,0,0,0,A,,,20211230074833,
300,20211230,0,0,0,0,0,0,0,0,0,0,0,0,0,0,0,0,0,0,0,0,0,0,.005,.008,.025,.11,.212,.251,.231,.133,.548,0,0,.032,.098,.243,.312,.28,.17,1.046,1.179,1.188,1.142,1.186,1.077,1.112,1.144,1.12,1.002,1.159,.98,.902,.577,1.038,.829,.437,.9,.601,.385,.641,.526,.657,.584,.139,.126,.04,.07,.057,.08,.023,0,.001,0,0,0,0,0,0,0,0,0,0,0,0,0,0,0,0,0,0,0,0,0,0,0,0,A,,,20211231083903,
300,20211231,0,0,0,0,0,0,0,0,0,0,0,0,0,0,0,0,0,0,0,0,0,0,0,.004,.025,.052,.135,.181,.304,.326,.448,0,.021,.092,.136,.446,.512,.709,.654,.732,.99,1.088,1.092,1.098,1.01,.48,.475,.59,1.031,.855,.634,.939,1.026,.65,.57,.678,.741,.526,.018,.73,.659,.235,.423,.423,.284,.228,.153,.087,.081,.011,.022,.005,0,0,0,0,0,0,0,0,0,0,0,0,0,0,0,0,0,0,0,0,0,0,0,0,A,,,20220101085647,
300,20220101,0,0,0,0,0,0,0,0,0,0,0,0,0,0,0,0,0,0,0,0,0,0,.01,.066,.101,.048,.137,.13,.121,.219,.328,0,.011,0,0,0,0,.001,.025,.098,.221,.621,.561,.342,.362,.506,.517,.182,0,.285,.596,.704,.743,.355,.352,.494,.21,.158,.389,.502,.332,.58,.12,.098,.089,.235,.106,.118,.063,.019,.005,0,0,0,0,0,0,0,0,0,0,0,0,0,0,0,0,0,0,0,0,0,0,0,0,0,A,,,20220102095329,
300,20220102,0,0,0,0,0,0,0,0,0,0,0,0,0,0,0,0,0,0,0,0,0,0,0,0,.035,.083,.191,.185,.36,.463,.524,.022,.003,.021,.139,.051,.107,.302,.748,.74,.613,.718,.897,.298,.044,.617,.814,.748,.32,.634,1.047,.838,1.041,.728,.881,.554,.971,.131,.721,.714,.613,.642,.249,.216,.346,.068,.135,.077,.084,.036,.017,.034,0,.001,0,0,0,0,0,0,0,0,0,0,0,0,0,0,0,0,0,0,0,0,0,0,A,,,20220103073815,
300,20220103,0,0,0,0,0,0,0,0,0,0,0,0,0,0,0,0,0,0,0,0,0,0,0,.003,.04,.109,.097,.2,.332,.422,.475,0,0,.08,.198,.249,.984,.845,.953,.877,1.01,1.124,.378,1.021,1.148,1.184,1.047,1.169,1.17,1.14,1.1,1.166,1.178,1.003,.963,.905,.878,.824,.829,.316,.336,.686,.593,.581,.282,.226,.128,.105,.028,.021,.001,0,0,0,0,0,0,0,0,0,0,0,0,0,0,0,0,0,0,0,0,0,0,0,0,0,A,,,20220104093117,
300,20220104,0,0,0,0,0,0,0,0,0,0,0,0,0,0,0,0,0,0,0,0,0,0,0,.002,.036,.072,.141,.25,.328,.374,.46,0,0,.028,.092,.186,.148,.143,.955,.864,.206,.43,.314,.101,.874,.615,.203,.748,.924,.943,.83,1.097,.962,1.048,1.005,.972,.829,.202,.7,.701,.492,.507,.539,.451,.352,.299,.218,.128,.028,.002,0,0,0,0,0,0,0,0,0,0,0,0,0,0,0,0,0,0,0,0,0,0,0,0,0,0,A,,,20220105083103,
300,20220105,0,0,0,0,0,0,0,0,0,0,0,0,0,0,0,0,0,0,0,0,0,0,0,0,.006,.078,.164,.262,.323,.379,.052,0,.004,.049,.82,1.078,.766,.965,.961,.704,.13,.537,.488,.908,.87,1.023,.715,.982,.812,1.083,.672,.804,.524,.756,1.074,.299,.909,.705,.596,.616,.001,.464,.451,.312,.203,.329,.219,.093,0,.002,.001,.007,0,0,0,0,0,0,0,0,0,0,0,0,0,0,0,0,0,0,0,0,0,0,0,0,A,,,20220201104516,
300,20220106,0,0,0,0,0,0,0,0,0,0,0,0,0,0,0,0,0,0,0,0,0,0,0,0,0,.003,.03,.086,.167,.228,.277,.011,.024,.044,.068,.497,.444,.296,.793,.205,.368,.207,.488,.442,.514,.602,.643,.683,.466,.898,.612,.516,.166,.801,.295,.717,.915,.758,.696,.432,.623,.379,.695,.391,.245,.27,.186,.153,.156,.026,0,0,.017,.001,0,0,0,0,0,0,0,0,0,0,0,0,0,0,0,0,0,0,0,0,0,0,A,,,20220107073101,
300,20220107,0,0,0,0,0,0,0,0,0,0,0,0,0,0,0,0,0,0,0,0,0,0,0,0,0,0,.007,.004,.013,.001,.012,0,0,0,0,0,.001,.012,0,.427,.605,.255,.472,.443,.122,.215,.268,.52,.488,.192,.104,.067,.259,.368,.178,.133,.011,.055,.072,.191,.163,.086,.008,.046,.123,.123,.088,.02,.007,0,0,.003,0,.001,0,0,0,0,0,0,0,0,0,0,0,0,0,0,0,0,0,0,0,0,0,0,A,,,20220108100901,
300,20220108,0,0,0,0,0,0,0,0,0,0,0,0,0,0,0,0,0,0,0,0,0,0,0,0,0,0,0,.003,.005,.006,.034,0,0,0,0,0,0,.027,.013,.143,.117,.235,.233,.243,.524,.363,.408,.028,.122,.23,.249,.538,.289,.172,.189,.283,.254,.18,.534,.104,.297,.114,.113,.264,.143,.222,.072,.018,.046,.005,.093,.058,.029,.009,0,0,0,0,0,0,0,0,0,0,0,0,0,0,0,0,0,0,0,0,0,0,A,,,20220109093738,
300,20220109,0,0,0,0,0,0,0,0,0,0,0,0,0,0,0,0,0,0,0,0,0,0,0,.001,.04,.058,.086,.097,.166,.428,.291,0,0,0,0,0,.178,.225,.791,.828,.591,.517,.319,.163,.045,.268,.484,.714,.809,.745,.662,.669,.698,.342,.366,.628,.647,.612,.524,.481,.71,.598,.536,.556,.423,.37,.274,.185,.187,.105,.001,.002,.021,.002,0,0,0,0,0,0,0,0,0,0,0,0,0,0,0,0,0,0,0,0,0,0,A,,,20220110093416,
300,20220110,0,0,0,0,0,0,0,0,0,0,0,0,0,0,0,0,0,0,0,0,0,0,0,0,.003,.006,.074,.087,.092,.221,.197,.003,0,0,.079,.497,.493,.632,.72,.899,.87,.847,.745,.757,.838,1.026,.829,.752,.967,.607,.501,.954,.612,.807,.815,.742,.94,.875,.872,.729,.645,.578,.615,.506,.424,.379,.271,.168,.101,.038,.022,.006,.004,0,0,0,0,0,0,0,0,0,0,0,0,0,0,0,0,0,0,0,0,0,0,0,A,,,20220111104349,
300,20220111,0,0,0,0,0,0,0,0,0,0,0,0,0,0,0,0,0,0,0,0,0,0,0,0,0,.006,.043,.051,.149,.167,.142,0,0,.012,0,0,0,.181,.409,.616,.768,.496,.959,.774,.697,.928,.602,.908,.668,.98,.788,.844,.978,.975,.884,.969,.473,.962,.42,.526,.754,.566,.427,.529,.415,.359,.218,.156,.025,0,0,0,.007,.025,0,0,0,0,0,0,0,0,0,0,0,0,0,0,0,0,0,0,0,0,0,0,A,,,20220112144010,
300,20220112,0,0,0,0,0,0,0,0,0,0,0,0,0,0,0,0,0,0,0,0,0,0,0,0,.011,.031,.116,.248,.327,.47,.402,.01,.006,.095,.107,.08,.02,.041,.459,.621,.541,.914,.433,.194,.875,.998,1.036,1.011,.941,1.109,1.076,1.061,1.028,1.08,1.139,.934,.998,.506,.622,.703,.704,.682,.579,.555,.417,.288,.241,.154,.055,0,.001,0,0,0,0,0,0,0,0,0,0,0,0,0,0,0,0,0,0,0,0,0,0,0,0,0,A,,,20220113102547,
300,20220113,0,0,0,0,0,0,0,0,0,0,0,0,0,0,0,0,0,0,0,0,0,0,0,.005,.045,.058,.147,.134,.056,.153,.135,0,.046,.078,.128,.129,.154,.135,.466,.96,1.135,1.094,1.157,.913,.997,.895,1.052,.989,1.093,.897,.925,.647,.221,.914,1.102,1.009,.877,.631,.917,.489,.456,.688,.449,.481,.326,.309,.275,.166,.091,.1,.029,.017,.001,.001,0,0,0,0,0,0,0,0,0,0,0,0,0,0,0,0,0,0,0,0,0,0,A,,,20220114094401,
300,20220114,0,0,0,0,0,0,0,0,0,0,0,0,0,0,0,0,0,0,0,0,0,0,0,.004,.015,.036,.165,.267,.328,0,.215,0,.046,.041,.151,.22,.235,.285,.301,.707,1.185,1.115,.905,.941,.958,.917,1.112,1.066,1.096,1.056,.929,1.074,1.156,1.154,1.173,.507,.297,.801,.897,.866,.4,.79,.65,.557,.461,.341,.278,.156,.09,.021,0,0,0,0,0,0,0,0,0,0,0,0,0,0,0,0,0,0,0,0,0,0,0,0,0,0,A,,,20220115084439,
300,20220115,0,0,0,0,0,0,0,0,0,0,0,0,0,0,0,0,0,0,0,0,0,0,0,.008,.004,.037,.098,.222,.342,.415,.511,0,.038,.095,.384,1.011,.91,.618,1.04,.536,.317,1.079,1.011,1.07,.95,1.02,1.091,.956,.99,.371,.816,.702,.857,.869,.487,.566,.881,.89,.787,.443,.716,.731,.626,.531,.378,.328,.283,.172,.053,0,0,0,0,0,0,0,0,0,0,0,0,0,0,0,0,0,0,0,0,0,0,0,0,0,0,0,A,,,20220116093926,
300,20220116,0,0,0,0,0,0,0,0,0,0,0,0,0,0,0,0,0,0,0,0,0,0,0,0,.024,.043,.05,.089,.095,.043,.086,0,0,0,.008,.281,.276,.625,1.191,1.177,1.193,1.153,1.201,1.191,1.194,1.198,1.188,1.2,1.122,1.074,.483,.438,.316,.485,.295,.618,.472,.323,.3,.179,.129,.56,.647,.607,.468,.008,.083,.036,.04,.04,.001,0,0,0,0,0,0,0,0,0,0,0,0,0,0,0,0,0,0,0,0,0,0,0,0,0,A,,,20220117094148,
300,20220117,0,0,0,0,0,0,0,0,0,0,0,0,0,0,0,0,0,0,0,0,0,0,0,0,0,.002,.023,.162,.128,.146,.265,.009,.148,.12,.232,.657,1.079,1.126,.966,.896,1.016,.916,.986,1.006,.754,.362,1.048,.991,.873,1.017,.403,.799,.878,.595,1.053,.926,.687,.262,.532,.764,.515,.554,.302,.42,.37,.346,.25,.131,.024,.041,.004,.009,0,0,0,0,0,0,0,0,0,0,0,0,0,0,0,0,0,0,0,0,0,0,0,0,A,,,20220118084725,
300,20220118,0,0,0,0,0,0,0,0,0,0,0,0,0,0,0,0,0,0,0,0,0,0,0,0,.003,.011,.028,.059,.207,.252,.348,.035,.04,.027,.122,.107,.088,.053,.45,.639,.612,.718,.814,.733,.539,.791,.43,.429,.544,.389,.426,.433,.667,.488,1.028,.418,.601,.907,.847,.715,.665,.712,.601,.497,.438,.288,.238,.14,.128,.003,.007,.034,.014,0,0,0,0,0,0,0,0,0,0,0,0,0,0,0,0,0,0,0,0,0,0,0,A,,,20220119083202,
300,20220119,0,0,0,0,0,0,0,0,0,0,0,0,0,0,0,0,0,0,0,0,0,0,0,0,0,.068,.176,.237,.261,.136,.164,.001,.029,0,.095,.435,.716,.71,.618,.932,.934,.483,.792,.04,.473,.759,.639,.921,.917,.663,.419,.031,.511,.621,.45,.586,.541,.485,.438,.434,.633,.305,.338,.245,.129,.045,.087,.114,.119,.053,.021,0,0,0,0,0,0,0,0,0,0,0,0,0,0,0,0,0,0,0,0,0,0,0,0,0,A,,,20220120093340,
300,20220120,0,0,0,0,0,0,0,0,0,0,0,0,0,0,0,0,0,0,0,0,0,0,0,0,0,0,.033,.044,.01,.062,.103,.001,0,0,0,0,0,.026,.326,.039,.273,.07,.258,.271,.126,.019,.046,.186,.068,0,.152,.258,.479,.163,.492,.969,.42,.192,.398,.403,.218,.182,.302,.225,.174,.214,.204,.191,.125,.109,.061,0,0,0,0,0,0,0,0,0,0,0,0,0,0,0,0,0,0,0,0,0,0,0,0,0,A,,,20220121093409,
300,20220121,0,0,0,0,0,0,0,0,0,0,0,0,0,0,0,0,0,0,0,0,0,0,0,.009,.026,.042,.115,.123,.141,.153,.311,.016,.016,.165,.156,.187,.278,.438,1.141,1.055,1.041,1.052,1.015,.813,1.16,1.166,.92,.765,.333,.402,.783,1.006,.799,.717,.717,1.05,.753,.505,.302,.257,.329,.009,.012,.152,.5,.322,.12,.206,.227,.025,.016,0,0,0,0,0,0,0,0,0,0,0,0,0,0,0,0,0,0,0,0,0,0,0,0,0,A,,,20220122093354,
300,20220122,0,0,0,0,0,0,0,0,0,0,0,0,0,0,0,0,0,0,0,0,0,0,0,0,.012,.08,.102,.211,.337,.4,.61,.089,.05,.028,.337,.446,.395,.077,.213,.534,.59,.616,.516,1.038,.883,.741,.504,1.017,.631,.55,1.007,.542,.461,.639,1.06,.815,.76,.473,.531,.56,.603,.407,.082,.157,.185,.218,.109,.093,.019,.039,.009,.001,0,0,0,0,0,0,0,0,0,0,0,0,0,0,0,0,0,0,0,0,0,0,0,0,A,,,20220123091738,
300,20220123,0,0,0,0,0,0,0,0,0,0,0,0,0,0,0,0,0,0,0,0,0,0,0,0,.001,.015,.128,.153,.254,.355,.517,0,.002,.072,.165,.909,1.16,1.028,1.051,1.133,1.047,1.039,.933,.753,.935,.815,.869,1.137,.741,.359,1.107,.903,1.073,.841,1.013,1.006,.952,.773,.848,.745,.742,.281,.489,.457,.457,.272,.294,.147,.077,.036,0,0,0,0,0,0,0,0,0,0,0,0,0,0,0,0,0,0,0,0,0,0,0,0,0,0,A,,,20220124094241,
300,20220124,0,0,0,0,0,0,0,0,0,0,0,0,0,0,0,0,0,0,0,0,0,0,0,0,.023,.073,.159,.238,.287,.357,.504,.013,0,.028,.122,.11,.067,.609,.904,.804,.065,.396,.668,1.047,.822,1.134,.989,.351,1.169,.974,.918,1.035,.852,.44,1.01,.87,.965,.72,.731,.481,.45,.526,.441,.316,.366,.378,.235,.22,.21,.114,0,.019,.011,0,0,0,0,0,0,0,0,0,0,0,0,0,0,0,0,0,0,0,0,0,0,0,A,,,20220125103153,
300,20220125,0,0,0,0,0,0,0,0,0,0,0,0,0,0,0,0,0,0,0,0,0,0,0,0,.005,.028,.052,.112,.311,.443,.62,.013,.027,.025,.028,0,.012,.01,.257,.856,.916,.889,1.045,.826,.972,.446,.659,.635,.61,.03,.634,.188,.378,.385,.421,.389,.285,.282,.207,.045,.023,.007,0,.011,.127,.052,.011,.036,.066,.071,.013,0,.001,0,0,0,0,0,0,0,0,0,0,0,0,0,0,0,0,0,0,0,0,0,0,0,A,,,20220126103021,
300,20220126,0,0,0,0,0,0,0,0,0,0,0,0,0,0,0,0,0,0,0,0,0,0,0,0,0,0,0,.076,.07,.082,.036,0,0,0,0,0,0,0,0,.037,.236,.336,.387,.293,.427,.126,.252,.185,.357,.351,.513,.133,.154,.301,.264,.373,.377,.434,.271,.153,.092,.057,.007,.058,.016,.017,.01,0,0,.002,0,0,0,0,0,0,0,0,0,0,0,0,0,0,0,0,0,0,0,0,0,0,0,0,0,0,A,,,20220127083738,
300,20220127,0,0,0,0,0,0,0,0,0,0,0,0,0,0,0,0,0,0,0,0,0,0,0,0,0,0,.015,.028,.096,.11,.35,.022,0,0,0,0,0,0,0,.119,.844,.745,.987,.614,.881,.711,.786,.351,.353,1.031,.751,.691,.807,.499,.657,.815,.393,.649,.342,.437,.474,.714,.148,.423,.343,.25,.186,.141,.092,.032,.005,0,0,0,0,0,0,0,0,0,0,0,0,0,0,0,0,0,0,0,0,0,0,0,0,0,A,,,20220128093544,
300,20220128,0,0,0,0,0,0,0,0,0,0,0,0,0,0,0,0,0,0,0,0,0,0,0,0,0,.002,.001,.002,.081,.138,.144,0,0,0,0,0,.005,.004,.162,.534,.562,.642,.709,.804,.85,.623,.215,.78,1.029,.774,.874,.792,1.159,.83,.217,.753,.689,1.006,.805,.731,.403,.396,.739,.492,.505,.376,.289,.177,.104,.01,0,0,0,0,0,0,0,0,0,0,0,0,0,0,0,0,0,0,0,0,0,0,0,0,0,0,A,,,20220129090117,
300,20220129,0,0,0,0,0,0,0,0,0,0,0,0,0,0,0,0,0,0,0,0,0,0,0,0,.009,.014,.048,.029,.075,.043,.044,.002,0,0,.05,.021,0,.004,.07,.219,.517,.046,.062,.135,1.023,1.164,1.109,1.042,1.12,1.039,.826,1.049,.925,1.109,.784,.29,.81,.946,.767,.834,.75,.721,.642,.623,.588,.325,.179,.167,.001,.006,.004,.006,.003,.002,0,0,0,0,0,0,0,0,0,0,0,0,0,0,0,0,0,0,0,0,0,0,A,,,20220130091544,
300,20220130,0,0,0,0,0,0,0,0,0,0,0,0,0,0,0,0,0,0,0,0,0,0,0,0,.001,.04,.091,.082,.072,.101,.308,.014,0,.018,.119,.152,.153,.271,.226,.587,1.045,1.089,.999,.834,.947,1.081,.984,1.121,.997,.939,1.048,1.146,1.051,.864,.51,.984,.757,.939,.42,.293,.245,.299,.379,.461,.673,.226,.035,.149,.136,.146,.115,.059,0,0,0,0,0,0,0,0,0,0,0,0,0,0,0,0,0,0,0,0,0,0,0,0,A,,,20220131073138,
300,20220131,0,0,0,0,0,0,0,0,0,0,0,0,0,0,0,0,0,0,0,0,0,0,0,0,.016,.045,.113,.218,.319,.425,.582,.011,.06,.097,.095,.011,.218,.277,.934,.904,1.101,.517,.892,.573,.72,.781,.42,.377,.955,.885,.91,1.125,.265,.039,.925,.806,.778,.77,.826,.625,.653,.386,.419,.373,.27,.27,.102,.091,.043,.015,.01,.009,0,0,0,0,0,0,0,0,0,0,0,0,0,0,0,0,0,0,0,0,0,0,0,0,A,,,20220201143848,
300,20220201,0,0,0,0,0,0,0,0,0,0,0,0,0,0,0,0,0,0,0,0,0,0,0,0,0,.007,.067,.036,.15,.333,.225,.011,0,.001,.019,.087,.132,.174,.284,.998,1.046,.896,1.118,.963,.769,.471,1.043,1.014,.007,0,0,0,0,0,0,0,.707,.604,.225,.198,.324,.289,.021,.039,.001,.133,.013,.091,0,0,0,0,0,0,0,0,0,0,0,0,0,0,0,0,0,0,0,0,0,0,0,0,0,0,0,0,A,,,20220202102805,
300,20220202,0,0,0,0,0,0,0,0,0,0,0,0,0,0,0,0,0,0,0,0,0,0,0,0,0,.002,.065,.105,.078,.114,.21,0,0,0,0,0,0,.061,.362,.392,.469,.479,.396,.095,.32,.653,.616,.58,.274,.357,.081,.332,.32,.641,.477,.303,.281,.521,.694,.775,.729,.364,.646,.428,.294,.019,.027,.007,0,0,0,0,0,0,0,0,0,0,0,0,0,0,0,0,0,0,0,0,0,0,0,0,0,0,0,0,A,,,20220203095600,
300,20220203,0,0,0,0,0,0,0,0,0,0,0,0,0,0,0,0,0,0,0,0,0,0,0,0,0,.002,.014,.033,.176,.106,.202,.002,0,0,.026,.162,.434,.348,.041,.223,.016,.112,.137,.094,.047,0,.081,.086,.051,.065,.022,.017,.038,.193,.06,.035,.046,.174,.147,.02,.002,.007,.003,.002,0,.019,.008,0,0,.001,.01,0,0,0,0,0,0,0,0,0,0,0,0,0,0,0,0,0,0,0,0,0,0,0,0,0,A,,,20220204093503,
300,20220204,0,0,0,0,0,0,0,0,0,0,0,0,0,0,0,0,0,0,0,0,0,0,0,0,0,.027,.091,.16,.227,.457,.501,.016,0,.004,.091,.144,.216,.186,.819,1.002,.807,.934,1.113,.952,.865,1.143,.96,1.055,1.166,.386,1,.911,.829,.917,.942,.965,.851,.466,0,.306,.148,.523,.279,.03,.254,.011,.005,.011,.011,.004,.016,.005,0,0,0,0,0,0,0,0,0,0,0,0,0,0,0,0,0,0,0,0,0,0,0,0,A,,,20220205132111,
300,20220205,0,0,0,0,0,0,0,0,0,0,0,0,0,0,0,0,0,0,0,0,0,0,0,0,.011,.028,.053,.113,.316,.456,.502,.007,0,.027,.158,.208,.096,.147,.186,.29,.22,.477,.967,.904,.863,.584,.557,1.019,1.132,.884,.646,.514,.776,.679,.12,.262,1.141,.931,.837,.905,.837,.63,.687,.61,.515,.424,.333,.257,.164,.082,.027,.018,0,0,0,0,0,0,0,0,0,0,0,0,0,0,0,0,0,0,0,0,0,0,0,0,A,,,20220206085212,
300,20220206,0,0,0,0,0,0,0,0,0,0,0,0,0,0,0,0,0,0,0,0,0,0,0,0,.006,.058,.11,.197,.362,.479,.558,.025,0,.005,.142,.202,.43,.821,.897,.164,.592,.554,.558,.677,1.018,.319,.093,.456,.318,.299,.259,.673,.756,.562,.706,1.087,.724,.652,1.016,.672,.85,.543,.338,.144,.249,.14,.097,.055,.028,.006,.016,0,0,0,0,0,0,0,0,0,0,0,0,0,0,0,0,0,0,0,0,0,0,0,0,0,A,,,20220207094801,
300,20220207,0,0,0,0,0,0,0,0,0,0,0,0,0,0,0,0,0,0,0,0,0,0,0,0,.006,.069,.117,.224,.374,.422,.388,.003,0,.012,.086,.154,.228,.269,.249,.309,.207,.499,.907,.882,1.114,1.098,1.187,1.176,1.191,1.151,1.107,1.065,1.148,1.077,.489,1.101,.578,.08,.788,.936,.799,.53,.283,.468,.561,.313,.244,.084,.021,.005,0,.001,0,0,0,0,0,0,0,0,0,0,0,0,0,0,0,0,0,0,0,0,0,0,0,0,A,,,20220208101447,
300,20220208,0,0,0,0,0,0,0,0,0,0,0,0,0,0,0,0,0,0,0,0,0,0,0,0,.016,.048,.092,.236,.258,.388,.213,.015,0,.008,.062,.116,.217,.292,.267,.816,1.113,.87,1.052,1.043,.943,1.039,.395,.743,.939,.82,.793,.949,1.037,.297,.573,.563,.739,1.177,.958,.104,0,.455,.722,.525,.438,.232,.114,.119,.069,0,.002,.003,0,0,0,0,0,0,0,0,0,0,0,0,0,0,0,0,0,0,0,0,0,0,0,0,A,,,20220209091920,
300,20220209,0,0,0,0,0,0,0,0,0,0,0,0,0,0,0,0,0,0,0,0,0,0,0,0,.012,.047,.101,.19,.368,.457,.479,.02,0,.009,.076,.138,.165,.256,.289,.819,1.123,1.165,.853,.505,.759,1.085,.328,.75,.242,.732,1.076,.197,0,.857,.475,.459,.668,.243,.449,.57,.559,.041,.32,.228,.488,.416,.218,.032,.001,.008,0,0,0,0,0,0,0,0,0,0,0,0,0,0,0,0,0,0,0,0,0,0,0,0,0,0,A,,,20220210083622,
300,20220210,0,0,0,0,0,0,0,0,0,0,0,0,0,0,0,0,0,0,0,0,0,0,0,0,.001,.046,.085,.156,.343,.457,.565,0,0,.021,.035,.145,.104,.901,.786,.913,1.081,1.073,1.097,1.071,.569,.785,1.167,1.106,.591,.841,.573,.191,.641,.889,.703,.903,1.074,.327,1.018,.969,.768,.677,.443,.3,.467,.403,.313,.237,.11,0,0,0,0,0,0,0,0,0,0,0,0,0,0,0,0,0,0,0,0,0,0,0,0,0,0,0,A,,,20220211095727,
300,20220211,0,0,0,0,0,0,0,0,0,0,0,0,0,0,0,0,0,0,0,0,0,0,0,0,.007,.058,.087,.265,.309,.413,.521,.031,0,0,.015,.038,.88,1.072,1.125,1.124,1.133,1.131,1.13,1.136,1.121,.199,.778,1.155,1.16,.9,1.121,1.045,.963,.52,.934,.974,1.134,1.024,.693,.506,.828,.429,.042,.388,.485,.416,.265,.32,.017,0,0,0,0,0,0,0,0,0,0,0,0,0,0,0,0,0,0,0,0,0,0,0,0,0,0,0,A,,,20220212094553,
300,20220212,0,0,0,0,0,0,0,0,0,0,0,0,0,0,0,0,0,0,0,0,0,0,0,0,.006,.05,.136,.209,.299,.427,.515,.005,0,.025,.106,.222,.254,.475,.693,.901,.96,1.181,1.108,1.082,.63,.743,.422,.086,.41,.747,.646,.8,.327,.368,.24,.297,.354,.31,.104,.454,.882,.087,.125,.562,.242,.381,.316,.211,.091,0,0,0,0,0,0,0,0,0,0,0,0,0,0,0,0,0,0,0,0,0,0,0,0,0,0,0,A,,,20220213103624,
300,20220213,0,0,0,0,0,0,0,0,0,0,0,0,0,0,0,0,0,0,0,0,0,0,0,0,.008,.051,.119,.217,.319,.402,.466,.013,0,.016,.104,.183,.147,.311,.278,.303,.213,.354,1.145,1.133,1.095,.693,.312,.635,.643,.767,.881,.894,1.167,1.2,1.183,1.201,1.182,1.018,1.054,.621,.676,.78,.639,.569,.539,.375,.314,.171,.032,0,0,0,0,0,0,0,0,0,0,0,0,0,0,0,0,0,0,0,0,0,0,0,0,0,0,0,A,,,20220214094957,
300,20220214,0,0,0,0,0,0,0,0,0,0,0,0,0,0,0,0,0,0,0,0,0,0,0,0,.006,.029,.078,.236,.221,.455,.559,.013,0,.02,.124,.108,.114,.071,.043,.081,.039,.084,.02,.329,.763,.891,1.064,1.12,.844,1.134,.867,.794,.661,.842,.959,.767,.253,1.011,1.023,1.051,.888,.674,.188,.375,.331,.194,.414,.151,0,0,.007,.015,.001,0,0,0,0,0,0,0,0,0,0,0,0,0,0,0,0,0,0,0,0,0,0,0,A,,,20220215103855,
300,20220215,0,0,0,0,0,0,0,0,0,0,0,0,0,0,0,0,0,0,0,0,0,0,0,0,.006,.056,.127,.14,.281,.398,.483,.008,0,.001,.074,.172,.103,.179,.19,.153,.201,.726,.926,.849,.858,.546,.641,.53,.666,1.005,.907,.576,.554,1.132,1.127,1.12,1.093,.751,.922,.867,.469,.494,.705,.607,.276,.098,.191,.156,.092,.07,.092,.026,0,0,0,0,0,0,0,0,0,0,0,0,0,0,0,0,0,0,0,0,0,0,0,0,A,,,20220216095510,
300,20220216,0,0,0,0,0,0,0,0,0,0,0,0,0,0,0,0,0,0,0,0,0,0,0,0,.001,.015,.025,.084,.144,.127,.132,.008,0,.002,.001,.085,.081,.165,.169,.812,.79,.96,.795,.58,1.014,.78,.974,1.101,.943,.865,1.079,.705,.93,.697,.049,.714,.716,.595,.384,.329,.231,.161,.104,.106,.104,.055,0,.003,.018,.079,.036,.008,0,0,0,0,0,0,0,0,0,0,0,0,0,0,0,0,0,0,0,0,0,0,0,0,A,,,20220217093906,
300,20220217,0,0,0,0,0,0,0,0,0,0,0,0,0,0,0,0,0,0,0,0,0,0,0,0,0,.058,.081,.244,.249,.414,.478,.019,.007,.001,.042,.158,.211,.288,.309,.327,.396,1.127,1.122,1.135,1.168,1.178,1.177,1.108,1.183,.972,1.118,1.132,1.145,.866,1.025,.24,.412,1.156,1.055,.703,.248,0,.142,.501,.389,.392,.294,.153,.008,0,0,0,0,0,0,0,0,0,0,0,0,0,0,0,0,0,0,0,0,0,0,0,0,0,0,0,A,,,20220218095124,
300,20220218,0,0,0,0,0,0,0,0,0,0,0,0,0,0,0,0,0,0,0,0,0,0,0,0,0,.028,.122,.115,.275,.39,.483,.024,0,0,.05,.288,1.016,1.054,1.115,1.131,1.134,1.129,1.124,1.13,1.118,.743,.612,.734,.593,.813,.905,1.132,.492,.381,1.047,.734,.701,.892,1.058,.476,.46,.687,.519,.525,.503,.517,.199,.099,.145,.056,.001,0,0,0,0,0,0,0,0,0,0,0,0,0,0,0,0,0,0,0,0,0,0,0,0,0,A,,,20220219103728,
300,20220219,0,0,0,0,0,0,0,0,0,0,0,0,0,0,0,0,0,0,0,0,0,0,0,0,0,.031,.125,.1,.199,.387,.514,.021,0,.01,.041,.321,1,1.036,1.086,1.101,1.103,1.117,1.135,1.163,1.143,1.18,1.185,1.179,1.136,1.076,.997,.894,1.134,.83,.918,1.184,.632,.779,1.107,1.029,.935,.792,.664,.625,.48,.391,.065,.004,0,.008,0,0,0,0,0,0,0,0,0,0,0,0,0,0,0,0,0,0,0,0,0,0,0,0,0,0,A,,,20220220091048,
300,20220220,0,0,0,0,0,0,0,0,0,0,0,0,0,0,0,0,0,0,0,0,0,0,0,.001,0,.03,.093,.111,.114,.139,.185,0,.021,.001,.02,.187,.06,.132,.008,.063,.01,.257,.797,.378,.177,.973,1.109,.629,.885,.313,.077,.578,.927,.674,.276,1.05,.987,1.143,1.084,.995,.802,.906,.691,.64,.533,.247,.15,.145,.06,.006,0,0,0,0,0,0,0,0,0,0,0,0,0,0,0,0,0,0,0,0,0,0,0,0,0,0,A,,,20220222153456,
300,20220221,0,0,0,0,0,0,0,0,0,0,0,0,0,0,0,0,0,0,0,0,0,0,0,0,0,.008,.005,.02,.036,.09,.112,.03,.007,.047,.087,.129,.572,.342,.469,.504,1.015,.714,.787,1.012,1.085,.438,.226,.592,1.006,1.05,.952,.73,.663,1.084,.878,.712,.489,.852,1.114,.956,.958,.867,.617,.519,.419,.409,.029,.056,.028,.006,0,0,0,0,0,0,0,0,0,0,0,0,0,0,0,0,0,0,0,0,0,0,0,0,0,0,A,,,20220222153456,
300,20220222,0,0,0,0,0,0,0,0,0,0,0,0,0,0,0,0,0,0,0,0,0,0,0,0,0,0,.005,.034,.082,.071,.087,.007,.021,.019,.113,.224,.089,.064,.239,.131,.199,.128,.557,.551,1.077,.784,.953,1.087,1.097,.926,1.146,1.014,.359,.299,.809,.747,.552,.722,.962,1.062,.925,.164,.577,.566,.506,.364,.397,.265,0,.003,.009,0,0,0,0,0,0,0,0,0,0,0,0,0,0,0,0,0,0,0,0,0,0,0,0,0,A,,,20220223095558,
300,20220223,0,0,0,0,0,0,0,0,0,0,0,0,0,0,0,0,0,0,0,0,0,0,0,0,0,0,0,0,0,0,0,0,0,0,0,0,.004,.022,.005,.021,.01,.087,.249,.305,.053,.575,.74,.501,.315,.527,.111,.948,.99,.838,.877,.674,1.053,.955,.948,.627,.958,.457,.422,.441,.36,.347,.223,.106,.037,0,0,0,0,0,0,0,0,0,0,0,0,0,0,0,0,0,0,0,0,0,0,0,0,0,0,0,A,,,20220224094204,
300,20220224,0,0,0,0,0,0,0,0,0,0,0,0,0,0,0,0,0,0,0,0,0,0,0,0,0,0,0,0,0,.007,.025,.003,0,0,0,0,0,0,.104,.058,.542,.106,.416,.234,.249,.332,.573,.559,.437,.456,.08,.062,.13,.18,.25,.273,.32,.236,.243,.213,.006,0,.043,.017,.099,.008,.001,.001,0,0,0,0,0,0,0,0,0,0,0,0,0,0,0,0,0,0,0,0,0,0,0,0,0,0,0,0,A,,,20220225083217,
300,20220225,0,0,0,0,0,0,0,0,0,0,0,0,0,0,0,0,0,0,0,0,0,0,0,0,0,0,0,0,0,0,0,0,0,0,0,0,0,0,0,0,0,0,0,.018,.066,.123,.054,0,.017,.013,.038,0,0,0,0,0,0,0,0,0,0,0,0,0,0,0,0,0,0,0,0,0,0,0,0,0,0,0,0,0,0,0,0,0,0,0,0,0,0,0,0,0,0,0,0,0,A,,,20220226091315,
300,20220226,0,0,0,0,0,0,0,0,0,0,0,0,0,0,0,0,0,0,0,0,0,0,0,0,0,0,0,0,0,0,0,0,0,0,0,0,0,0,0,0,0,.033,.059,.425,.333,.153,.109,.182,.317,.129,.083,.14,.141,.159,.052,.079,.095,.123,.164,.249,.145,.016,.048,.042,.07,.012,0,0,0,0,0,0,0,0,0,0,0,0,0,0,0,0,0,0,0,0,0,0,0,0,0,0,0,0,0,0,A,,,20220227091908,
300,20220227,0,0,0,0,0,0,0,0,0,0,0,0,0,0,0,0,0,0,0,0,0,0,0,0,0,0,0,.002,.028,.059,.054,.001,0,0,0,0,0,.058,.259,.23,.284,.448,.491,.342,.486,.431,.423,.105,.482,.224,.008,.044,.143,.228,.344,.193,.382,.078,.283,.231,.127,.138,.171,.27,.23,.229,.165,.089,.09,.062,.032,.005,0,0,0,0,0,0,0,0,0,0,0,0,0,0,0,0,0,0,0,0,0,0,0,0,A,,,20220228093958,
300,20220228,0,0,0,0,0,0,0,0,0,0,0,0,0,0,0,0,0,0,0,0,0,0,0,0,0,.01,.032,.104,.102,.24,.225,.003,.003,0,0,.028,.065,.011,.105,.145,.762,.789,.771,1.008,.979,.916,.944,.94,.748,.427,.426,.702,.619,.706,.546,.624,.732,.806,.774,.525,.223,.441,.674,.358,.388,.366,.298,.184,.11,.033,0,0,0,0,0,0,0,0,0,0,0,0,0,0,0,0,0,0,0,0,0,0,0,0,0,0,A,,,20220301135802,
300,20220301,0,0,0,0,0,0,0,0,0,0,0,0,0,0,0,0,0,0,0,0,0,0,0,0,0,.036,.127,.123,.276,.413,.515,.032,0,.001,.017,.098,.259,1.057,.902,1.172,1.004,.718,.34,.482,.663,.843,.665,.763,.319,.214,.818,.729,.591,1.065,1.006,1.155,.858,.82,1.089,.881,.412,0,0,0,.306,.109,.147,.113,.068,.009,0,.001,0,0,0,0,0,0,0,0,0,0,0,0,0,0,0,0,0,0,0,0,0,0,0,0,A,,,20220302184805,
300,20220302,0,0,0,0,0,0,0,0,0,0,0,0,0,0,0,0,0,0,0,0,0,0,0,0,0,.013,.124,.168,.348,.378,.512,.006,0,.032,.031,.251,.069,.038,.721,.923,1.108,.879,.944,1.093,1.113,1.097,1.116,1.132,.867,1.021,.851,.296,.52,.879,.763,.851,.671,.838,.569,.292,.286,.127,.227,.328,.047,.115,.407,.189,.067,.002,0,0,0,0,0,0,0,0,0,0,0,0,0,0,0,0,0,0,0,0,0,0,0,0,0,0,A,,,20220303141858,
300,20220303,0,0,0,0,0,0,0,0,0,0,0,0,0,0,0,0,0,0,0,0,0,0,0,0,0,0,0,0,0,.001,0,0,0,0,0,.419,.389,.627,.665,.72,.296,.237,.331,.711,1.035,1.101,.89,1.045,1.17,1.036,.901,.933,.127,1.038,.965,1.151,1.145,1.157,.629,.309,.083,.027,0,0,0,0,0,.242,.266,.14,.029,0,0,0,0,0,0,0,0,0,0,0,0,0,0,0,0,0,0,0,0,0,0,0,0,0,A,,,20220304134948,
300,20220304,0,0,0,0,0,0,0,0,0,0,0,0,0,0,0,0,0,0,0,0,0,0,0,0,0,0,0,0,.004,.012,.003,0,0,0,0,0,0,0,.344,.44,.437,.531,.822,.917,.521,.323,.7,.949,1.001,.923,1.081,.84,.881,.614,.529,1.017,.664,.91,.878,.71,.524,.2,.318,.289,.226,.48,.338,.207,.121,.086,.028,.026,0,0,0,0,0,0,0,0,0,0,0,0,0,0,0,0,0,0,0,0,0,0,0,0,A,,,20220305083250,
300,20220305,0,0,0,0,0,0,0,0,0,0,0,0,0,0,0,0,0,0,0,0,0,0,0,0,0,.004,.051,.171,.264,.426,.542,.039,0,.003,.047,.097,.158,.225,.314,.263,.416,1.14,.888,1.082,1.137,1.085,1.05,1.095,.772,.629,.453,.68,1.084,.669,.353,1.085,1.175,1.144,1.123,.954,.753,.651,.654,.472,.433,.445,.196,.138,.031,0,0,0,0,0,0,0,0,0,0,0,0,0,0,0,0,0,0,0,0,0,0,0,0,0,0,0,A,,,20220306095212,
300,20220306,0,0,0,0,0,0,0,0,0,0,0,0,0,0,0,0,0,0,0,0,0,0,0,0,0,.032,.061,.111,.222,.393,.319,.009,0,.031,.26,.098,.026,.034,0,.049,.004,0,.259,.004,.052,.549,.913,.658,.49,.001,.351,.917,.189,.016,.194,.472,.848,.448,.033,.112,.101,.479,.672,.574,.426,.393,.036,.009,0,0,0,0,0,0,0,0,0,0,0,0,0,0,0,0,0,0,0,0,0,0,0,0,0,0,0,0,A,,,20220307083231,
300,20220307,0,0,0,0,0,0,0,0,0,0,0,0,0,0,0,0,0,0,0,0,0,0,0,0,0,.015,.002,.17,.298,.462,.546,.026,.024,.019,.146,.075,.638,.532,.536,.869,.781,.584,.789,1.105,1.006,1.115,.913,.619,.013,.388,.923,1.136,.983,.813,.416,.275,.045,.216,.138,.214,.205,.22,.187,.06,0,.026,0,0,.01,.031,.002,0,0,0,0,0,0,0,0,0,0,0,0,0,0,0,0,0,0,0,0,0,0,0,0,0,A,,,20220308114352,
300,20220308,0,0,0,0,0,0,0,0,0,0,0,0,0,0,0,0,0,0,0,0,0,0,0,0,0,0,.006,.129,.222,.42,.541,.055,0,.001,.048,.12,.469,1.134,1.168,1.168,1.186,1.171,1.184,1.153,1.148,1.085,1.143,1.134,1.121,.975,.954,.713,.477,.929,1.042,1.14,1.063,1.028,.871,.972,.714,.575,.481,.637,.398,.255,.256,.166,.093,.026,0,0,0,0,0,0,0,0,0,0,0,0,0,0,0,0,0,0,0,0,0,0,0,0,0,0,A,,,20220309093757,
300,20220309,0,0,0,0,0,0,0,0,0,0,0,0,0,0,0,0,0,0,0,0,0,0,0,0,0,.003,.153,.147,.03,.05,.069,0,0,0,0,.182,.283,.321,.48,.747,.513,.557,.58,1.177,.992,1.123,1.049,1.026,1.057,.874,.881,.883,.952,.899,1.124,1.056,1.095,.388,.552,.911,.573,.225,.258,.395,.542,.401,.367,.198,.131,.01,0,0,0,0,0,0,0,0,0,0,0,0,0,0,0,0,0,0,0,0,0,0,0,0,0,0,A,,,20220310115622,
300,20220310,0,0,0,0,0,0,0,0,0,0,0,0,0,0,0,0,0,0,0,0,0,0,0,0,0,0,0,0,.006,.021,.069,.005,0,0,0,.001,.294,.891,.559,.255,.433,.511,.71,.631,.891,.33,.21,1,.728,.262,.626,.454,.254,.355,.43,.957,.43,.165,.43,.52,.577,.364,.327,.213,.181,.097,.09,.062,.001,0,0,0,0,0,0,0,0,0,0,0,0,0,0,0,0,0,0,0,0,0,0,0,0,0,0,0,A,,,20220311081039,
300,20220311,0,0,0,0,0,0,0,0,0,0,0,0,0,0,0,0,0,0,0,0,0,0,0,0,0,0,0,.015,.01,.04,.015,0,0,0,.024,.269,.173,.219,.155,.2,.575,.287,0,.186,.249,.305,.453,.539,.624,.465,.361,.477,.62,.861,.498,.833,.283,.061,.546,.468,.07,.052,.112,0,0,0,0,0,0,0,0,0,0,0,0,0,0,0,0,0,0,0,0,0,0,0,0,0,0,0,0,0,0,0,0,0,A,,,20220312095421,
300,20220312,0,0,0,0,0,0,0,0,0,0,0,0,0,0,0,0,0,0,0,0,0,0,0,0,0,0,.002,.024,.201,.413,.507,.023,0,.031,.344,1.026,1.053,.989,1.01,1.065,.841,1.013,1.066,1.131,1.134,1.03,1.037,1.104,1.052,1.132,1.078,1.044,.259,.502,1.151,1.102,.584,1.037,1.051,.999,.574,.642,.528,.65,.488,.313,.294,.201,.062,.005,0,0,0,0,0,0,0,0,0,0,0,0,0,0,0,0,0,0,0,0,0,0,0,0,0,0,A,,,20220313055217,
300,20220313,0,0,0,0,0,0,0,0,0,0,0,0,0,0,0,0,0,0,0,0,0,0,0,0,0,0,.068,.111,.299,.336,.53,.058,0,.011,.055,.198,.204,.046,.109,.178,.379,.925,.97,1.146,.513,.486,.94,.706,.98,1.152,1.017,.938,.783,.874,1.004,1.107,.977,.973,.309,.495,.947,.853,.742,.462,.537,.456,.254,.175,.142,.024,0,0,0,0,0,0,0,0,0,0,0,0,0,0,0,0,0,0,0,0,0,0,0,0,0,0,A,,,20220314055506,
300,20220314,0,0,0,0,0,0,0,0,0,0,0,0,0,0,0,0,0,0,0,0,0,0,0,0,0,0,0,.05,.236,.336,.449,.019,0,.003,.057,.335,1.107,1.161,1.096,.926,1.037,1.109,1.167,1.187,.886,.91,.907,.581,.675,.873,1.135,1.091,.715,.864,1.012,1.019,.934,.903,1.035,.788,.571,.559,.411,.355,.544,.429,.24,.2,.021,0,0,0,0,0,0,0,0,0,0,0,0,0,0,0,0,0,0,0,0,0,0,0,0,0,0,0,A,,,20220315062101,
300,20220315,0,0,0,0,0,0,0,0,0,0,0,0,0,0,0,0,0,0,0,0,0,0,0,0,0,.022,.056,.025,.26,.448,.503,.032,0,.015,.002,.064,.144,.254,.89,.709,.933,1.113,1.16,.914,.067,.87,1.024,1.145,1.187,.349,.186,.48,1.136,1.148,.662,1.088,1.144,1.123,1.083,1.02,.755,.834,.229,.491,.528,.356,.287,.177,.095,.02,0,0,0,0,0,0,0,0,0,0,0,0,0,0,0,0,0,0,0,0,0,0,0,0,0,0,A,,,20220316063013,
300,20220316,0,0,0,0,0,0,0,0,0,0,0,0,0,0,0,0,0,0,0,0,0,0,0,0,0,.005,.041,.059,.13,.17,.226,.015,0,0,.037,.011,.993,1.099,1.15,1.184,1.111,1.031,.998,.888,.882,1.051,1.107,.996,.814,.778,.241,1.024,1.094,1.047,.561,.983,.674,1.159,.904,.968,.658,.826,.749,.288,.439,.428,.263,.175,.077,.024,0,0,0,0,0,0,0,0,0,0,0,0,0,0,0,0,0,0,0,0,0,0,0,0,0,0,A,,,20220317065837,
300,20220317,0,0,0,0,0,0,0,0,0,0,0,0,0,0,0,0,0,0,0,0,0,0,0,0,0,.004,.086,.208,.296,.129,.163,.008,.001,.026,.09,.096,.913,.816,.965,.832,.971,1.061,1.073,1.11,1.032,1.076,1.028,1.19,.895,.741,.93,1.174,1.143,1.091,.899,1.086,.879,.8,.764,.352,.438,.851,.519,.33,.395,.39,.216,.178,.079,0,0,0,0,0,0,0,0,0,0,0,0,0,0,0,0,0,0,0,0,0,0,0,0,0,0,0,A,,,20220318054932,
300,20220318,0,0,0,0,0,0,0,0,0,0,0,0,0,0,0,0,0,0,0,0,0,0,0,0,0,0,.063,.126,.237,.285,.447,.051,0,.007,.047,.102,.864,.899,1.078,1.094,.989,.954,.917,.865,.928,.958,.864,.625,.174,.626,.851,1.055,.896,.955,.647,.963,1.003,.77,.968,.269,.005,.005,.002,.085,.294,.331,.345,.227,.086,.017,0,0,0,0,0,0,0,0,0,0,0,0,0,0,0,0,0,0,0,0,0,0,0,0,0,0,A,,,20220319091456,
300,20220319,0,0,0,0,0,0,0,0,0,0,0,0,0,0,0,0,0,0,0,0,0,0,0,0,0,.027,.094,.114,.265,.349,.527,.02,0,.008,.068,.355,1.108,1.153,1.169,1.106,.99,.313,1.088,1.121,1.155,1.132,1.179,1.121,1.079,.542,.952,.879,1.123,.933,1.109,1.035,.79,.732,.332,.896,.715,.75,.413,.576,.41,.386,.286,.165,.085,.016,0,0,0,0,0,0,0,0,0,0,0,0,0,0,0,0,0,0,0,0,0,0,0,0,0,0,A,,,20220320053345,
300,20220320,0,0,0,0,0,0,0,0,0,0,0,0,0,0,0,0,0,0,0,0,0,0,0,0,0,0,.015,.171,.298,.363,.443,.036,0,.009,.082,.092,.208,.262,.31,.306,.307,.989,1.101,.955,1.025,1.148,1.002,.764,.912,.453,.969,.497,.94,.714,.065,.293,1.065,.769,.436,.358,.634,.57,.436,.076,.494,.36,.255,.138,.04,.016,0,0,0,0,0,0,0,0,0,0,0,0,0,0,0,0,0,0,0,0,0,0,0,0,0,0,A,,,20220321130033,
300,20220321,0,0,0,0,0,0,0,0,0,0,0,0,0,0,0,0,0,0,0,0,0,0,0,0,0,.02,.069,.179,.252,.358,.504,.033,0,.001,.055,.044,.206,.451,1.18,1.188,1.171,1.11,1.178,1.105,.495,1.137,.863,.297,.292,.193,1.191,1.183,1.188,1.187,1.161,1.188,1.136,1.09,.855,.896,.841,.704,.393,.286,.488,.366,.269,.165,.002,0,0,0,0,0,0,0,0,0,0,0,0,0,0,0,0,0,0,0,0,0,0,0,0,0,0,0,A,,,20220322055354,
300,20220322,0,0,0,0,0,0,0,0,0,0,0,0,0,0,0,0,0,0,0,0,0,0,0,0,0,.014,.073,.209,.257,.37,.48,.016,0,.002,.173,.986,1.071,1.116,1.176,1.182,1.172,1.188,1.046,1.188,1.045,.936,.799,1.057,.935,.753,1.132,.707,.867,.448,.753,.999,.697,1.047,.602,.582,.814,.4,.537,.108,.514,.422,.261,.174,.035,.001,0,0,0,0,0,0,0,0,0,0,0,0,0,0,0,0,0,0,0,0,0,0,0,0,0,0,A,,,20220323084206,
300,20220323,0,0,0,0,0,0,0,0,0,0,0,0,0,0,0,0,0,0,0,0,0,0,0,0,0,.017,.089,.191,.318,.419,.479,.057,0,0,.039,.073,.225,.883,1.144,1.161,1.148,1.047,1.107,1.183,1.192,1.159,1.132,1.179,1.194,.492,.72,1.176,1.098,1.171,1.185,1.116,1.09,1.048,.903,.814,.761,.13,.245,.552,.444,.335,.251,.108,.031,.014,0,0,0,0,0,0,0,0,0,0,0,0,0,0,0,0,0,0,0,0,0,0,0,0,0,0,A,,,20220324063009,
300,20220324,0,0,0,0,0,0,0,0,0,0,0,0,0,0,0,0,0,0,0,0,0,0,0,0,0,0,.002,.064,.174,.365,.433,.005,0,.03,.008,.006,.217,.691,.592,.896,.901,.792,1.149,1.063,.976,1.086,1.025,.714,.142,.775,1.011,.944,1.066,.465,.697,.807,1.1,.986,.898,.734,.643,.103,.009,.013,0,0,0,0,0,0,0,0,0,0,0,0,0,0,0,0,0,0,0,0,0,0,0,0,0,0,0,0,0,0,0,0,A,,,20220325051707,
300,20220325,0,0,0,0,0,0,0,0,0,0,0,0,0,0,0,0,0,0,0,0,0,0,0,0,0,.021,.037,.037,.235,.152,.1,.007,0,.005,.035,.266,.993,1.082,1.145,1.166,1.181,1.185,1.185,1.181,1.176,1.188,1.177,1.183,1.137,1.06,1.138,1.156,.873,.941,.158,.395,.954,.666,.185,.033,.142,.148,.223,.121,.065,.029,0,0,0,0,0,0,0,0,0,0,0,0,0,0,0,0,0,0,0,0,0,0,0,0,0,0,0,0,0,0,A,,,20220326084753,
300,20220326,0,0,0,0,0,0,0,0,0,0,0,0,0,0,0,0,0,0,0,0,0,0,0,0,0,0,.004,.006,.09,.133,.335,.036,.042,0,.068,.023,.172,.083,.062,.05,.409,.516,.53,.485,.328,.344,.532,.467,.427,.248,.151,.149,0,.009,.142,.162,.131,.152,.13,.056,0,.001,0,0,0,0,0,0,0,0,0,0,0,0,0,0,0,0,0,0,0,0,0,0,0,0,0,0,0,0,0,0,0,0,0,0,A,,,20220327095211,
300,20220327,0,0,0,0,0,0,0,0,0,0,0,0,0,0,0,0,0,0,0,0,0,0,0,0,0,0,0,0,0,.005,.014,0,0,0,0,0,0,.004,.22,.214,.296,.124,.29,.327,.357,.159,.133,.878,.67,.713,.85,.939,.741,.501,.332,.627,.556,.25,.253,.165,.043,.01,.005,0,0,0,0,0,0,0,0,0,0,0,0,0,0,0,0,0,0,0,0,0,0,0,0,0,0,0,0,0,0,0,0,0,A,,,20220328054725,
300,20220328,0,0,0,0,0,0,0,0,0,0,0,0,0,0,0,0,0,0,0,0,0,0,0,0,0,0,0,.001,.002,.035,.307,.032,0,0,0,.062,.134,.139,.109,.314,.347,.251,.255,.32,.67,.353,.552,.719,.6,.491,.254,.115,.068,.207,.248,.136,.105,.107,.137,.162,.3,.496,.279,.084,.032,.077,.104,.061,0,0,0,0,0,0,0,0,0,0,0,0,0,0,0,0,0,0,0,0,0,0,0,0,0,0,0,0,A,,,20220329055744,
300,20220329,0,0,0,0,0,0,0,0,0,0,0,0,0,0,0,0,0,0,0,0,0,0,0,0,0,0,0,0,.004,.161,.154,.002,0,.007,.038,.119,.038,.889,.454,.18,.281,.532,.55,.448,.213,.23,.278,.201,0,.259,.004,0,.212,.155,.266,0,.323,.512,.26,.341,.459,.075,0,.037,.166,.211,.044,.02,0,0,0,0,0,0,0,0,0,0,0,0,0,0,0,0,0,0,0,0,0,0,0,0,0,0,0,0,A,,,20220330110051,
300,20220330,0,0,0,0,0,0,0,0,0,0,0,0,0,0,0,0,0,0,0,0,0,0,0,0,0,0,0,0,0,0,.001,0,0,0,0,.04,.052,.054,.138,.628,.714,.624,.522,.561,.908,.986,.713,1.032,.907,.904,.995,1.062,.221,.263,.327,.395,.194,.059,.135,.116,.12,.148,.309,.302,.171,.184,.04,.017,.007,0,0,0,0,0,0,0,0,0,0,0,0,0,0,0,0,0,0,0,0,0,0,0,0,0,0,0,A,,,20220331084042,
300,20220331,0,0,0,0,0,0,0,0,0,0,0,0,0,0,0,0,0,0,0,0,0,0,0,0,0,.015,.088,.102,.276,.239,.327,.022,0,0,.378,.746,1.033,1.086,1.152,1.165,1.193,1.174,1.194,.583,.763,.918,1.072,1.158,.65,.538,.92,.672,1.014,.771,.906,.341,.282,.012,.559,.007,.089,.149,.034,.083,.135,.01,0,0,0,0,0,0,0,0,0,0,0,0,0,0,0,0,0,0,0,0,0,0,0,0,0,0,0,0,0,0,A,,,20220401060152,
300,20220401,0,0,0,0,0,0,0,0,0,0,0,0,0,0,0,0,0,0,0,0,0,0,0,0,0,.001,.001,.07,.045,.375,.441,.018,0,.001,.015,.862,1.043,.979,.944,.832,.886,.965,1.155,1.119,.877,.047,.294,.775,.785,1.12,.954,.765,1.128,1.069,1.112,.888,1.056,1.071,.987,.907,.695,.434,.176,.125,.224,.036,.108,.055,0,0,0,0,0,0,0,0,0,0,0,0,0,0,0,0,0,0,0,0,0,0,0,0,0,0,0,0,A,,,20220402111858,
300,20220402,0,0,0,0,0,0,0,0,0,0,0,0,0,0,0,0,0,0,0,0,0,0,0,0,0,0,.002,.089,.069,.268,.445,.053,.003,.056,0,.072,.904,.619,.7,1.122,1.148,.933,.708,1.056,.92,.481,.345,.879,1.133,1.015,1.082,.692,.216,.318,.585,.376,.04,.392,.201,.186,0,.227,.149,.246,.048,.093,.218,.105,.022,0,0,0,0,0,0,0,0,0,0,0,0,0,0,0,0,0,0,0,0,0,0,0,0,0,0,0,A,,,20220403093231,
300,20220403,0,0,0,0,0,0,0,0,0,0,0,0,0,0,0,0,0,0,0,0,0,0,0,0,0,0,.046,.164,.226,.43,.516,.017,0,.001,.012,.551,.988,1.072,.285,.307,.739,1.16,1.153,.235,.494,1.053,1.045,1.148,.3,1.031,.972,.915,.921,1.088,.955,1.07,.853,.891,.92,.759,.81,.627,.421,.268,.406,.304,.218,.083,.04,0,0,0,0,0,0,0,0,0,0,0,0,0,0,0,0,0,0,0,0,0,0,0,0,0,0,0,A,,,20220404053212,
300,20220404,0,0,0,0,0,0,0,0,0,0,0,0,0,0,0,0,0,0,0,0,0,0,0,0,0,0,0,0,.006,0,0,0,0,.017,.038,.096,.087,.204,.166,.412,.923,.906,1.01,.993,.754,.943,.936,.972,.69,.715,.774,.291,.368,.175,.644,.539,.177,.342,.784,.781,.713,.671,.611,.492,.436,.291,.131,.086,.005,0,0,0,0,0,0,0,0,0,0,0,0,0,0,0,0,0,0,0,0,0,0,0,0,0,0,0,A,,,20220405100613,
300,20220405,0,0,0,0,0,0,0,0,0,0,0,0,0,0,0,0,0,0,0,0,0,0,0,0,0,.009,.072,.044,.268,.368,.478,.025,0,0,.01,0,0,0,.137,.328,.31,.323,1.136,1.151,1.201,1.2,1.141,1.173,1.199,1.183,1.145,1.168,1.195,1.188,1.116,.714,.125,.009,.569,.852,.763,.668,.431,.29,.371,.228,.182,.086,.029,0,0,0,0,0,0,0,0,0,0,0,0,0,0,0,0,0,0,0,0,0,0,0,0,0,0,0,A,,,20220406052905,
300,20220406,0,0,0,0,0,0,0,0,0,0,0,0,0,0,0,0,0,0,0,0,0,0,0,0,0,0,0,.002,.054,.071,.153,.002,0,0,0,.001,.017,.014,.016,.051,.131,.468,.848,.754,.998,1.009,1.053,.809,.284,.285,.752,1.082,.847,.818,.924,.821,.741,.706,.46,.181,.43,.328,.262,.355,.576,.392,.13,.109,.047,.001,0,0,0,0,0,0,0,0,0,0,0,0,0,0,0,0,0,0,0,0,0,0,0,0,0,0,A,,,20220407094810,
300,20220407,0,0,0,0,0,0,0,0,0,0,0,0,0,0,0,0,0,0,0,0,0,0,0,0,0,0,.021,.143,.21,.208,.396,.042,0,0,.029,.112,.179,.487,1.096,.936,.816,1.012,.879,.651,.819,1.15,.904,.245,.639,.898,.297,.303,.146,.922,.937,.001,.208,.618,.803,.616,.419,.594,.322,.211,.391,.133,.096,0,0,0,0,0,0,0,0,0,0,0,0,0,0,0,0,0,0,0,0,0,0,0,0,0,0,0,0,0,A,,,20220408043300,
300,20220408,0,0,0,0,0,0,0,0,0,0,0,0,0,0,0,0,0,0,0,0,0,0,0,0,0,0,.002,.002,.035,.243,.276,.003,0,0,0,0,0,0,.036,.737,.601,.451,.295,.697,.608,.061,.261,.828,.899,.677,.892,1.087,.965,.756,.195,.25,.285,.954,.926,.612,.552,.204,.633,.52,.285,.251,.173,.052,.013,0,0,0,0,0,0,0,0,0,0,0,0,0,0,0,0,0,0,0,0,0,0,0,0,0,0,0,A,,,20220409101320,
300,20220409,0,0,0,0,0,0,0,0,0,0,0,0,0,0,0,0,0,0,0,0,0,0,0,0,0,0,0,0,.026,.206,.199,.016,0,.01,.181,.637,.689,.762,.709,.868,.553,.865,.44,.134,.407,.565,.853,1.033,.8,.701,.169,.687,.75,.298,.27,.353,.142,.092,.162,.383,.353,.345,.314,.345,.208,.046,.006,.001,0,0,0,0,0,0,0,0,0,0,0,0,0,0,0,0,0,0,0,0,0,0,0,0,0,0,0,0,A,,,20220410110140,
300,20220410,0,0,0,0,0,0,0,0,0,0,0,0,0,0,0,0,0,0,0,0,0,0,0,0,0,0,0,0,.089,.217,.46,.039,.02,.09,.073,.119,.703,1.074,1.167,1.089,1.13,1.051,1.175,1.168,1.145,.477,.173,1.082,1.184,1.177,1.178,1.184,1.163,1.185,1.163,1.14,1.007,.277,.875,.811,.768,.679,.549,.441,.347,.233,.174,.066,.014,0,0,0,0,0,0,0,0,0,0,0,0,0,0,0,0,0,0,0,0,0,0,0,0,0,0,0,A,,,20220411052610,
300,20220411,0,0,0,0,0,0,0,0,0,0,0,0,0,0,0,0,0,0,0,0,0,0,0,0,0,.008,.017,.176,.277,.332,.469,.009,0,0,.001,.029,.198,.898,1.078,1.136,1.141,1.158,1.147,.636,.79,.893,.895,.318,.453,.952,.649,.773,.832,.382,.678,.428,1.085,1.03,.728,.38,.677,.682,.132,.004,.249,.364,.231,.117,.058,0,0,0,0,0,0,0,0,0,0,0,0,0,0,0,0,0,0,0,0,0,0,0,0,0,0,0,A,,,20220412093136,
300,20220412,0,0,0,0,0,0,0,0,0,0,0,0,0,0,0,0,0,0,0,0,0,0,0,0,0,.002,.045,.151,.271,.282,.419,.05,0,0,.002,.029,.112,.098,.458,.285,.967,.888,.095,.536,.206,.914,.766,.398,.547,1.09,.105,.217,.133,.967,.924,.705,.458,.879,.583,.405,0,.249,.466,.11,.168,.231,.143,.042,0,0,0,0,0,0,0,0,0,0,0,0,0,0,0,0,0,0,0,0,0,0,0,0,0,0,0,0,A,,,20220413053657,
300,20220413,0,0,0,0,0,0,0,0,0,0,0,0,0,0,0,0,0,0,0,0,0,0,0,0,0,.001,.052,.109,.263,.338,.474,.015,0,.015,.076,.094,.138,.144,.435,.521,.746,1.097,.639,.924,.559,.383,.571,.381,.854,.788,.322,.997,.226,.162,.796,1.126,1.086,.797,1.004,.56,.444,.036,.039,.084,0,0,.01,0,0,0,0,0,0,0,0,0,0,0,0,0,0,0,0,0,0,0,0,0,0,0,0,0,0,0,0,0,A,,,20220414105547,
300,20220414,0,0,0,0,0,0,0,0,0,0,0,0,0,0,0,0,0,0,0,0,0,0,0,0,0,.002,.035,.04,.199,.365,.433,.036,0,0,.013,.089,.153,.246,.318,.319,.245,.482,1.104,1.165,1.004,.89,1.073,.985,.499,.592,.92,.925,1.117,.805,.938,.839,.789,.663,.3,.548,.741,.598,.269,.407,.432,.212,0,0,0,0,0,0,0,0,0,0,0,0,0,0,0,0,0,0,0,0,0,0,0,0,0,0,0,0,0,0,A,,,20220415043151,
300,20220415,0,0,0,0,0,0,0,0,0,0,0,0,0,0,0,0,0,0,0,0,0,0,0,0,0,.007,.049,.129,.167,.25,.195,.04,.001,0,.046,.533,1.047,1.137,1.134,1.096,.275,.934,1.063,1.156,.988,.755,.976,.938,1.107,1.17,1.067,1.177,1.107,1.002,.847,1.08,1.068,.489,.648,.174,.502,.81,.219,.089,.085,.059,.138,.062,0,0,0,0,0,0,0,0,0,0,0,0,0,0,0,0,0,0,0,0,0,0,0,0,0,0,0,0,A,,,20220416075413,
300,20220416,0,0,0,0,0,0,0,0,0,0,0,0,0,0,0,0,0,0,0,0,0,0,0,0,0,.004,.083,.176,.269,.418,.534,.021,0,.007,.07,.142,.475,1.107,1.177,1.079,1.086,1.112,1.182,.588,.981,.759,.838,.535,.648,.883,.648,.428,.485,.467,.437,1.058,.46,.003,.278,.174,.062,.071,.143,.256,.098,.043,.019,0,0,0,0,0,0,0,0,0,0,0,0,0,0,0,0,0,0,0,0,0,0,0,0,0,0,0,0,0,A,,,20220417073646,
300,20220417,0,0,0,0,0,0,0,0,0,0,0,0,0,0,0,0,0,0,0,0,0,0,0,0,0,0,.016,.08,.269,.228,.48,.054,0,.001,.057,.056,.003,.093,.021,.261,.188,.304,.616,.921,.646,.04,.151,.074,.755,.427,.117,.133,.873,1.118,.856,.285,.272,.601,.808,.46,.008,.358,.683,.619,.401,.277,.035,0,0,0,0,0,0,0,0,0,0,0,0,0,0,0,0,0,0,0,0,0,0,0,0,0,0,0,0,0,A,,,20220418051810,
300,20220418,0,0,0,0,0,0,0,0,0,0,0,0,0,0,0,0,0,0,0,0,0,0,0,0,0,.002,.066,.181,.245,.244,.487,.014,0,0,.025,.067,.056,.082,.181,.547,.854,1.156,1.053,1.061,.925,1.09,1.132,1.161,1.186,1.167,1.189,1.176,1.186,.86,.596,1.126,1.074,1,.866,.591,.699,.645,.557,.468,.333,.235,.081,.059,.001,0,0,0,0,0,0,0,0,0,0,0,0,0,0,0,0,0,0,0,0,0,0,0,0,0,0,0,A,,,20220419073402,
300,20220419,0,0,0,0,0,0,0,0,0,0,0,0,0,0,0,0,0,0,0,0,0,0,0,0,0,.002,.067,.127,.208,.303,.311,.016,0,.007,.073,.108,.179,.244,.321,.313,.295,.26,.309,1.038,1.08,.944,.738,.981,.665,.562,.527,.481,.193,.426,.188,.094,.154,.21,.437,.792,.347,.094,.18,.267,.282,.131,.002,0,0,0,0,0,0,0,0,0,0,0,0,0,0,0,0,0,0,0,0,0,0,0,0,0,0,0,0,0,A,,,20220420043431,
300,20220420,0,0,0,0,0,0,0,0,0,0,0,0,0,0,0,0,0,0,0,0,0,0,0,0,0,0,0,0,.001,.028,.055,.002,.013,.048,.034,.022,.06,.153,.202,.611,.822,1.005,.739,1.063,.834,.398,.741,1.003,.963,.343,.923,.664,.304,1.117,.905,.696,.841,.93,.242,.006,.103,.32,.303,.219,.204,.214,.131,.045,0,0,0,0,0,0,0,0,0,0,0,0,0,0,0,0,0,0,0,0,0,0,0,0,0,0,0,0,A,,,20220421083620,
300,20220421,0,0,0,0,0,0,0,0,0,0,0,0,0,0,0,0,0,0,0,0,0,0,0,0,0,0,.008,.047,.199,.074,.085,.004,0,.023,.04,.087,.082,.047,.269,.312,.512,.653,.957,.967,.592,.822,.585,1.053,.305,.841,1.129,1.136,1.096,.999,.978,1.167,.941,.544,.165,.839,.825,.295,.538,.443,.271,.191,.074,.03,0,0,0,0,0,0,0,0,0,0,0,0,0,0,0,0,0,0,0,0,0,0,0,0,0,0,0,0,A,,,20220422053940,
300,20220422,0,0,0,0,0,0,0,0,0,0,0,0,0,0,0,0,0,0,0,0,0,0,0,0,0,0,0,0,.074,.088,.128,.042,.001,.005,.015,.054,.154,.178,.167,.487,.734,1.081,.969,.884,.557,1.014,.713,.267,.729,.934,.518,1.099,.222,.881,.784,.518,.613,.534,.003,.661,.431,.234,.352,.313,.196,.187,.077,.008,0,0,0,0,0,0,0,0,0,0,0,0,0,0,0,0,0,0,0,0,0,0,0,0,0,0,0,0,A,,,20220423091730,
300,20220423,0,0,0,0,0,0,0,0,0,0,0,0,0,0,0,0,0,0,0,0,0,0,0,0,0,0,.007,.004,.004,.051,.421,.018,.005,.021,.012,.058,1.012,1.069,1.012,1.062,.971,.237,.357,.525,.983,.784,.439,.793,.001,.482,.474,.241,.602,.601,.222,.463,.452,.259,.791,.336,.053,.281,.594,.335,.126,.141,0,0,0,0,0,0,0,0,0,0,0,0,0,0,0,0,0,0,0,0,0,0,0,0,0,0,0,0,0,0,A,,,20220424061151,
300,20220424,0,0,0,0,0,0,0,0,0,0,0,0,0,0,0,0,0,0,0,0,0,0,0,0,0,0,.004,.011,.01,.034,.064,.003,0,.022,.075,.123,.214,.739,1.14,.674,.537,.752,.225,.198,.367,.474,.787,.323,.841,.407,.285,.37,.801,.605,.812,.26,.317,.815,1.011,.293,.208,.112,.239,.086,.078,.024,0,0,0,0,0,0,0,0,0,0,0,0,0,0,0,0,0,0,0,0,0,0,0,0,0,0,0,0,0,0,A,,,20220425062039,
300,20220425,0,0,0,0,0,0,0,0,0,0,0,0,0,0,0,0,0,0,0,0,0,0,0,0,0,0,0,0,.008,.084,.201,.005,0,0,0,.002,0,.051,0,.528,.397,.256,.272,.571,.603,.108,.093,.091,.451,.19,.312,.545,.3,.194,.403,.411,.315,.044,.099,.033,.123,.144,.092,.059,.045,.025,0,0,0,0,0,0,0,0,0,0,0,0,0,0,0,0,0,0,0,0,0,0,0,0,0,0,0,0,0,0,A,,,20220426071345,
300,20220426,0,0,0,0,0,0,0,0,0,0,0,0,0,0,0,0,0,0,0,0,0,0,0,0,0,0,0,0,.004,.002,.003,0,0,0,0,0,.244,.249,.28,.349,.453,.433,.427,.353,.384,.539,.532,.449,.472,.376,.092,.288,.282,.225,.174,.15,.122,.067,.057,.086,.066,.081,.013,0,.001,0,0,0,0,0,0,0,0,0,0,0,0,0,0,0,0,0,0,0,0,0,0,0,0,0,0,0,0,0,0,0,A,,,20220427052052,
300,20220427,0,0,0,0,0,0,0,0,0,0,0,0,0,0,0,0,0,0,0,0,0,0,0,0,0,0,0,0,.014,.008,.035,.006,0,0,0,0,0,0,0,.391,.654,.183,.037,.029,.395,1.069,1.011,.79,.645,.579,.61,.873,.43,.963,.538,.531,.349,1.007,1.066,.689,.33,.165,.101,.139,.16,.077,0,0,0,0,0,0,0,0,0,0,0,0,0,0,0,0,0,0,0,0,0,0,0,0,0,0,0,0,0,0,A,,,20220428145948,
300,20220428,0,0,0,0,0,0,0,0,0,0,0,0,0,0,0,0,0,0,0,0,0,0,0,0,0,0,0,0,.001,0,0,0,0,0,0,0,.03,.005,0,.064,.648,.296,.416,.164,.164,.123,.087,.554,.49,.834,.093,.042,.339,.269,.567,.155,.091,.004,.01,0,.069,.091,.06,.211,.057,.033,0,0,0,0,0,0,0,0,0,0,0,0,0,0,0,0,0,0,0,0,0,0,0,0,0,0,0,0,0,0,A,,,20220429054845,
300,20220429,0,0,0,0,0,0,0,0,0,0,0,0,0,0,0,0,0,0,0,0,0,0,0,0,0,0,0,0,.02,.013,.008,.001,0,0,0,0,.115,.4,.384,.196,.46,.437,.869,.399,.563,.809,1.033,.826,.37,.216,.712,.216,.507,.385,.61,.708,.221,.02,.712,.76,.277,.266,.296,.294,.233,.07,.084,.007,0,0,0,0,0,0,0,0,0,0,0,0,0,0,0,0,0,0,0,0,0,0,0,0,0,0,0,0,A,,,20220430083821,
300,20220430,0,0,0,0,0,0,0,0,0,0,0,0,0,0,0,0,0,0,0,0,0,0,0,0,0,0,0,0,0,0,.006,0,0,0,0,.16,.28,.193,.43,.382,.041,.011,0,.613,.621,.532,.406,0,.433,.131,.328,.356,.8,.632,.651,.753,.731,.939,.851,.768,.663,.192,.468,.381,.262,.159,.051,0,0,0,0,0,0,0,0,0,0,0,0,0,0,0,0,0,0,0,0,0,0,0,0,0,0,0,0,0,A,,,20220501093516,
300,20220501,0,0,0,0,0,0,0,0,0,0,0,0,0,0,0,0,0,0,0,0,0,0,0,0,0,0,0,0,0,.008,.044,.001,0,0,0,0,.035,.009,.004,.03,.241,.239,.098,.127,.209,.26,.013,.041,.07,.093,.049,.11,.391,.421,.452,.514,.831,.993,.793,.745,.34,.316,.316,.341,.245,.109,.041,0,0,0,0,0,0,0,0,0,0,0,0,0,0,0,0,0,0,0,0,0,0,0,0,0,0,0,0,0,A,,,20220502085942,
300,20220502,0,0,0,0,0,0,0,0,0,0,0,0,0,0,0,0,0,0,0,0,0,0,0,0,0,0,0,.057,.089,.302,.42,.044,0,0,.021,.098,.897,1.073,1.12,1.103,1.135,.781,.791,.534,.963,.658,.826,.708,.935,1.173,.625,1.126,.871,.423,1.098,1.028,.969,.907,.734,.375,.325,.596,.486,.387,.256,.059,.028,.005,0,0,0,0,0,0,0,0,0,0,0,0,0,0,0,0,0,0,0,0,0,0,0,0,0,0,0,0,V,,,20220503114702,
400,1,22,A,,
400,23,23,F17,1,Meter/equipment changed
400,24,96,A,,
200,3053185744,B1,B1,B1,B1,250661872,kWh,5,
300,20220503,0,0,0,0,0,0,0,0,0,0,0,0,0,0,0,0,0,0,0,0,0,0,0,0,0,0,0,0,0,0,0,0,0,0,0,0,0,0,0,0,0,0,0,0,0,0,0,0,0,0,0,0,0,0,0,0,0,0,0,0,0,0,0,0,0,0,0,0,0,0,0,0,0,0,0,0,0,0,0,0,.009,.025,.037,.044,.057,.074,.092,.107,.118,.127,.13,.143,.15,.017,0,0,0,0,0,0,0,0,0,.005,.013,.02,.02,0,.015,.038,.047,.059,.068,.074,.079,.086,.09,.091,.082,.078,.041,.135,.344,.249,.335,.254,.374,.327,.38,.395,.373,.389,.37,.39,.39,.372,.343,.327,.337,.395,.381,.379,.241,.384,.399,.351,.107,.169,.379,.388,.254,.311,.396,.396,.396,.395,.392,.389,.389,.393,.391,.389,.386,.326,.276,.155,.375,.363,.349,.343,.336,.33,.319,.318,.32,.306,.3,.281,.105,0,0,.112,.259,.247,.259,.245,.225,.204,.119,.151,.051,.094,.005,.072,.08,.021,.043,.033,.029,.014,.015,.005,0,0,0,0,0,0,0,0,0,0,0,0,0,0,0,0,0,0,0,0,0,0,0,0,0,0,0,0,0,0,0,0,0,0,0,0,0,0,0,0,0,0,0,0,0,0,0,0,0,0,0,0,0,0,0,0,0,0,0,0,0,0,0,0,0,0,0,0,0,0,0,0,0,0,0,0,0,0,0,0,0,0,0,0,0,0,A,,,20220504085159,
300,20220504,0,0,0,0,0,0,0,0,0,0,0,0,0,0,0,0,0,0,0,0,0,0,0,0,0,0,0,0,0,0,0,0,0,0,0,0,0,0,0,0,0,0,0,0,0,0,0,0,0,0,0,0,0,0,0,0,0,0,0,0,0,0,0,0,0,0,0,0,0,0,0,0,0,0,0,0,0,0,0,0,0,0,0,0,0,.003,.003,.013,.027,.038,.047,.049,.094,.029,0,0,0,0,0,0,0,.016,.006,.027,.008,.001,.025,.058,.013,0,.037,.019,0,0,.029,.227,.329,.312,.381,.336,.332,.343,.356,.268,.236,.383,.25,.313,.341,.25,.297,.315,.361,.379,.393,.397,.394,.372,.107,.186,.339,.201,.052,.334,.352,.394,.344,.39,.176,.339,.395,.396,.394,.34,.324,.385,.389,.392,.393,.244,.219,.255,.363,.345,.064,.066,.191,.323,.33,.319,.303,.296,.29,.292,.288,.242,.161,.25,.233,.232,.224,.219,.21,.02,0,0,0,.072,.133,.114,.101,.087,.082,.066,.07,.061,.054,.045,.036,.031,.016,.006,.001,0,0,0,0,0,0,0,0,0,0,0,0,0,0,0,0,0,0,0,0,0,0,0,0,0,0,0,0,0,0,0,0,0,0,0,0,0,0,0,0,0,0,0,0,0,0,0,0,0,0,0,0,0,0,0,0,0,0,0,0,0,0,0,0,0,0,0,0,0,0,0,0,0,0,0,0,0,0,0,0,0,0,0,0,0,A,,,20220505053545,
900
