100,NEM12,201803210850,WBAYM,
200,NMIxxxxxxx,E1,,E1,N1,41051514,kWh,30,
300,20170701,.06,.05,.05,.05,.05,.06,.05,.05,.05,.05,.05,.05,.12,.23,.05,.05,.37,1.48,1.04,.69,.09,.22,.18,.09,.18,.1,.69,.36,.13,.12,.06,.06,.08,.07,.11,.17,.22,.17,.23,.24,.18,.09,.06,.05,.05,.06,.05,.05,A,,,20170702024930,
300,20170702,.05,.06,.05,.04,.05,.05,.05,.05,.05,.05,.05,.05,.05,.06,.05,2.37,1.79,.32,.13,.11,.08,.06,.06,.07,.05,1.38,.63,.17,.61,.06,.07,.15,.1,.26,.75,.21,.26,.19,.18,.17,.1,.25,.22,.18,.18,.09,.05,.06,A,,,20170703024605,
300,20170703,.05,.05,.06,.05,.05,.05,.05,.06,.05,.05,.05,.05,.06,.16,.12,1.2,1.62,.21,.03,.03,.04,.02,.04,.02,.04,.49,.53,.13,.14,.06,.06,.06,.05,.19,.21,.6,.23,.25,.19,.17,.14,.06,.07,.05,.06,.05,.06,.05,A,,,20170704024559,
300,20170704,.05,.06,.05,.04,.06,.05,.05,.06,.05,.05,.06,.05,.05,.1,.07,.02,.03,.28,.25,.29,.07,.41,.17,.06,.14,.05,.06,.05,.15,.1,.1,.05,.06,.14,.34,.23,.83,.43,.28,.29,.3,.26,.14,.06,.06,.06,.05,.06,A,,,20170705024645,
300,20170705,.05,.06,.05,.05,.06,.05,.06,.05,.05,.06,.05,.05,.1,.1,.08,.09,.26,.16,.12,.14,.12,.07,.08,.1,.1,.07,.13,.19,.35,.17,.1,.06,.05,.07,.21,.38,.62,.22,.17,.17,.28,.52,.21,.33,.05,.06,.06,.05,A,,,20170706024649,
300,20170706,.06,.05,.05,.06,.05,.05,.06,.05,.05,.05,.05,.06,.07,.1,.2,.12,.06,.05,.05,.05,.06,.08,.09,.35,.28,.27,.16,.09,.06,.06,.06,.05,.06,.06,.09,.12,.54,.36,.21,.18,.19,.23,.22,.19,.17,.19,.12,.26,A,,,20170707024915,
300,20170707,.11,.05,.06,.05,.05,.05,.06,.05,.05,.05,.06,.05,.05,.07,.1,.07,.06,.05,.05,.05,.22,.14,.13,.12,.13,.15,.21,.23,.05,.06,.05,.06,.05,.05,.06,.07,.82,.25,.23,.22,.24,.22,.22,.21,.19,.18,.12,.11,A,,,20170708024641,
300,20170708,.07,.07,.05,.04,.06,.05,.05,.05,.06,.05,.05,.05,.21,.3,.05,.06,.12,.76,1.28,.38,.46,.18,.45,.67,.12,.19,.07,.08,.14,.08,.26,.05,.06,.05,.19,.22,.17,.13,.21,.18,.18,.16,.15,.13,.11,.12,.08,.05,A,,,20170709024644,
300,20170709,.06,.05,.05,.05,.05,.05,.05,.05,.05,.05,.05,.78,1.03,.24,1.54,.12,.12,.09,.09,.12,.18,.13,.18,.08,.08,.06,.06,.08,.06,.08,.05,.06,.06,.05,.31,.35,.51,.49,.28,.24,.2,.06,.07,.05,.05,.06,.05,.05,A,,,20170710024647,
300,20170710,.06,.05,.05,.05,.05,.06,.05,.05,.05,.05,.06,1.18,.48,.35,.96,.09,.09,.41,.08,.38,.37,.07,.15,.17,.08,.15,.09,.09,.16,.09,.1,.11,.12,.07,.17,.86,.19,.23,.72,.18,.46,.39,.07,.05,.06,.06,.05,.05,A,,,20170711024658,
300,20170711,.06,.05,.05,.06,.05,.05,.05,.05,.06,.05,.05,.05,.05,.08,.05,.09,.14,.1,.09,.11,.16,.09,.52,.29,.38,.09,.12,.4,.11,.33,.06,.07,.06,.06,.14,.15,.15,.16,.39,.57,.17,.13,.12,.05,.05,.06,.05,.05,A,,,20170712032212,
300,20170712,.05,.05,.05,.06,.05,.05,.05,.06,.05,.05,.05,.05,.05,.05,.06,.05,.05,.05,.19,.13,.08,.09,.07,.14,.39,.17,.74,.11,.09,.05,.09,.28,.21,.1,.46,.27,.47,.59,.19,.17,.24,.76,.22,.16,.37,.05,.06,.05,V,,,20170713024638,
400,1,30,A,,
400,31,31,A,89,Time reset occurred
400,32,48,A,,
300,20170713,.05,.05,.06,.05,.05,.05,.05,.05,.06,.05,.55,.97,.46,.16,.05,.05,.16,.68,.06,.1,.05,.14,.09,.2,.09,.17,.17,.07,.06,.05,.05,.06,.05,.09,.06,.21,.15,.15,.23,.2,.25,.09,.06,.06,.05,.06,.05,.05,A,,,20170714024930,
300,20170714,.06,.05,.05,.06,.05,.05,.05,.06,.05,.05,.16,.16,.38,.11,.05,.05,.05,.05,.06,.05,.05,.06,.05,.06,.05,.06,.05,.06,.05,.06,.05,.06,.14,.08,.06,.08,.21,.29,.13,.07,.08,.07,.08,.09,.06,.06,.05,.06,A,,,20170715024957,
300,20170715,.05,.05,.06,.05,.06,.05,.05,.06,.05,.05,.05,.23,.15,.11,.05,.05,.07,.09,.07,.05,.12,.1,.09,.08,.06,.24,.46,.2,.41,.13,.11,.27,.13,.19,.12,.27,.12,.08,.08,.09,.07,.08,.07,.08,.07,.07,.17,.13,A,,,20170716025213,
300,20170716,.07,.05,.06,.05,.05,.06,.05,.06,.05,.05,.06,.05,.05,.06,.05,.05,.05,.06,.18,.12,.1,.12,.1,.07,.05,.95,.16,.21,.12,.36,.09,.32,.07,.07,.05,.3,.35,.47,.4,.24,.16,.08,.04,.04,.04,.02,.04,.02,A,,,20170717025214,
300,20170717,.04,.02,.03,.03,.02,.04,.02,.02,.04,.02,.24,.14,.17,.14,.03,.03,.03,.02,.02,.03,.02,.03,.03,.02,.03,.02,.04,.03,.03,.04,.02,.07,.16,.06,.17,.76,.45,.31,.22,.3,.43,.11,.34,.05,.05,.09,.1,.06,A,,,20170718024949,
300,20170718,.06,.05,.06,.05,.06,.05,.05,.06,.05,.05,.06,.05,.06,.09,.05,.05,.21,.09,.11,.05,.06,.05,.06,.09,.46,.28,.22,.06,.06,.05,.06,.06,.06,.12,.11,.23,.16,.14,.14,.13,.09,.08,.06,.05,.06,.05,.12,.11,A,,,20170719025213,
300,20170719,.06,.06,.05,.05,.06,.05,.06,.05,.06,.05,.05,.06,.05,.06,.07,.26,.17,.14,.17,.23,.43,.28,.12,.08,.07,.09,.07,.09,.07,.08,.05,.06,.22,.08,.09,.16,.12,.09,.55,.37,.25,.62,.09,.06,.05,.06,.05,.05,A,,,20170720024921,
300,20170720,.05,.05,.05,.06,.05,.05,.05,.05,.05,.05,.05,.05,.14,.32,.52,.46,1.5,1.05,.91,.91,.93,.94,.72,.06,.05,.06,.05,.06,.05,.11,.54,.09,.25,.43,.22,.27,.22,.21,.21,.19,.2,.19,.18,.86,1.08,.06,.06,.05,A,,,20170721025533,
300,20170721,.05,.05,.06,.05,.05,.05,.05,.06,.05,.05,.05,.05,.06,1.16,1.14,.68,1.44,1.09,.38,.05,.06,.05,.05,.05,.08,.23,.12,.11,.25,.07,.06,.13,.2,.25,.16,.2,.12,.06,.14,.16,.18,.43,.07,.07,.06,.05,.06,.05,A,,,20170722025256,
300,20170722,.05,.06,.05,.05,.05,.05,.05,.06,.05,.05,.05,.05,.05,.05,.05,1.36,.6,.39,.08,.65,.14,.06,.12,.09,.08,.09,.16,.09,.07,.07,.07,.07,.07,.07,.08,.26,.34,.42,1.08,.48,.19,.26,.11,.08,.06,.06,.05,.05,A,,,20170723025228,
300,20170723,.06,.06,.05,.05,.05,.05,.05,.05,.05,.06,.05,.05,.05,.05,.05,.05,.11,.18,.12,.12,.11,.12,.11,.08,.17,.16,.28,.18,.14,.12,.12,.11,.05,.07,.21,.25,.31,.29,.18,.33,.2,.18,.17,.15,.02,.03,.02,.03,A,,,20170724025224,
300,20170724,.02,.03,.02,.02,.03,.02,.02,.03,.02,.02,.63,1.42,.8,.1,.09,.08,.08,.05,.06,.08,.05,.16,.2,1.1,.28,.39,.13,.13,.12,.12,.15,.09,.15,.12,.64,.86,.76,.37,.44,.29,.26,.21,.1,.07,.06,.05,.06,.06,A,,,20170725025852,
300,20170725,.05,.06,.06,.05,.06,.05,.05,.06,.05,.06,.73,1.21,.43,.11,.07,.05,.06,.05,.05,.06,.05,.06,.05,.06,.06,.05,.06,.06,.05,.06,.06,.06,.22,.11,.08,.16,.08,.06,.11,.39,.2,.09,.05,.06,.06,.05,.06,.05,A,,,20170726025555,
300,20170726,.06,.05,.05,.06,.05,.05,.06,.05,.05,.06,.74,1.52,.61,.14,.07,.02,.02,.03,.02,.02,.03,.03,.03,.03,.02,.03,.03,.03,.02,.03,.04,.03,.1,.07,.04,.17,.8,.44,.2,.44,.14,.07,.05,.03,.04,.04,.03,.03,A,,,20170727025855,
300,20170727,.04,.02,.04,.02,.04,.02,.03,.03,.02,.04,.65,1.37,.17,.09,.02,.02,.02,.04,.02,.02,.04,.02,.04,.02,.04,.02,.04,.04,.13,.16,.14,.08,.08,.14,.02,.08,.73,.79,.27,.27,.19,.44,.08,.24,.1,.04,.04,.03,A,,,20170728025903,
300,20170728,.03,.03,.02,.04,.02,.03,.03,.02,.03,.03,.19,.17,.2,.1,.02,.02,.03,.03,.02,.03,.03,.02,.04,.03,.03,.04,.02,.04,.03,.03,.04,.08,.06,.05,.1,.07,.06,.06,.05,.06,.06,.05,.09,.11,.07,.05,.06,.05,A,,,20170729025858,
300,20170729,.06,.05,.06,.05,.06,.05,.05,.06,.05,.06,.05,.05,.22,.18,.14,.1,.1,.1,.1,.05,.08,.08,.14,.12,.11,.07,.12,.09,.09,.07,.09,.1,.17,.1,.06,.71,.41,.39,.57,.4,.27,.27,.16,.06,.07,.05,.06,.05,A,,,20170730025907,
300,20170730,.07,.05,.06,.05,.05,.06,.05,.05,.07,.05,.05,.05,.07,.06,.07,.18,.11,.16,.48,.14,.35,.08,.07,.06,.07,.1,.12,.18,.14,.12,.1,.11,.38,.52,1.12,.55,.39,.35,.22,.21,.22,.1,.07,.07,.06,.07,.07,.07,A,,,20170731025848,
300,20170731,.06,.06,.06,.06,.05,.06,.05,.06,.06,.06,.19,.22,.2,.4,.12,.2,.27,.08,.09,.07,.09,.08,.09,.09,.08,.09,.09,.09,.08,.09,.09,.09,.09,.08,.44,.72,.47,.38,.19,.2,.23,.13,.08,.07,.07,.06,.05,.06,A,,,20170801030151,
300,20170801,.06,.06,.05,.06,.05,.06,.05,.06,.05,.06,.19,.19,.18,.12,.05,.06,.05,.05,.06,.05,.06,.05,.06,.05,.06,.05,.06,.07,.06,.05,.07,.07,.18,.09,.07,.24,.08,.08,.26,.63,.17,.17,.33,.1,.35,.06,.06,.06,A,,,20170802030204,
300,20170802,.05,.07,.05,.07,.05,.05,.07,.05,.05,.05,.19,.18,.21,.09,.05,.05,.05,.06,.05,.05,.07,.05,.06,.05,.07,.05,.06,.07,.05,.07,.07,.05,.09,.07,.06,.31,.88,.55,.49,.19,.18,.1,.08,.07,.07,.05,.06,.06,A,,,20170803030520,
300,20170803,.05,.07,.05,.06,.05,.05,.07,.05,.05,.06,.18,.23,.18,.22,.28,.08,.36,.05,.05,.07,.05,.07,.05,.07,.12,.08,.07,.05,.07,.07,.06,.06,.12,.08,.06,.22,.17,.2,.24,.23,.21,.08,.06,.07,.06,.05,.06,.05,A,,,20170804030157,
300,20170804,.07,.05,.06,.05,.06,.05,.05,.06,.05,.06,.17,.18,.34,.11,.05,.05,.06,.05,.05,.06,.05,.06,.05,.07,.05,.07,.05,.07,.06,.05,.06,.06,.18,.1,.1,.07,1.53,.2,.15,.18,.25,.28,.1,.35,.06,.06,.05,.06,A,,,20170805031107,
300,20170805,.05,.05,.07,.05,.05,.05,.06,.05,.05,.05,.05,.06,.05,.34,.05,.05,.23,.14,.14,.16,.12,.09,.48,.38,.2,.16,.22,.09,.14,.12,.1,.06,.09,.13,.19,.22,.2,.88,.53,.21,.21,.2,.14,.06,.07,.05,.06,.05,A,,,20170806030459,
300,20170806,.06,.05,.05,.06,.05,.05,.06,.05,.05,.05,.06,.05,.05,.05,.05,.15,.11,.16,.16,.24,.37,.11,.43,.08,.06,.06,.07,.07,.06,.08,.08,.1,.13,.17,.13,.12,.08,.09,.09,.08,.09,.09,.16,.09,.08,.06,.07,.06,A,,,20170807030532,
300,20170807,.05,.07,.05,.07,.05,.06,.05,.06,.05,.06,.05,.06,.07,.17,.17,.15,.25,.17,.15,.1,.06,.05,.07,.15,.1,.07,.07,.06,.13,.13,.13,.12,.05,.06,.08,.52,.46,.17,.28,.3,.16,.16,.06,.03,.04,.04,.03,.06,A,,,20170808030744,
300,20170808,.08,.04,.04,.02,.04,.02,.04,.02,.02,.04,.03,.02,.1,.12,.15,.13,.13,.3,.35,.2,.06,.06,.14,.1,.09,.06,.16,.42,.53,.12,.4,.08,.32,.11,.09,.15,.23,.17,.21,.21,.2,.22,.2,.08,.03,.03,.04,.02,A,,,20170809030805,
300,20170809,.02,.04,.02,.02,.02,.02,.04,.02,.02,.02,.02,.02,.02,.15,.06,.02,.19,.06,.27,.04,.06,.02,.04,.02,.1,0,.02,.09,.09,.56,.56,.28,.04,.08,.16,.19,1.1,.15,.15,.15,.16,.41,.08,.31,.04,.04,.02,.04,V,,,20170811143048,
400,1,24,A,,
400,25,25,A,79,Power Outage Alarm 
400,26,26,A,,
400,27,27,A,79,Power Outage Alarm 
400,28,48,A,,
300,20170810,.02,.04,.02,.04,.02,.03,.03,.02,.02,.04,.15,.16,.38,.22,.12,.04,.02,.04,.02,.02,.04,.03,.03,.04,.04,.03,.04,.03,.04,.04,.03,.03,.07,.08,.06,.62,.44,.25,.22,.18,.07,.07,.07,.05,.06,.05,.07,.05,A,,,20170811033739,
300,20170811,.07,.05,.07,.05,.06,.06,.05,.07,.05,.05,.25,.2,.22,.05,.07,.05,.05,.07,.05,.07,.05,.07,.05,.07,.06,.05,.07,.07,.05,.07,.07,.06,.07,.07,.08,.52,.99,.22,.25,.28,.25,.21,.2,.19,.08,.07,.06,.06,A,,,20170812031119,
300,20170812,.07,.05,.06,.06,.05,.07,.05,.07,.05,.06,.19,.17,.19,.17,.48,.14,.36,.06,.08,.07,.11,.09,.1,.08,.17,.12,.07,.09,.09,.07,.11,.08,.07,.06,.06,.07,.22,.34,.21,.22,.2,.19,.08,.06,.07,.07,.05,.07,A,,,20170813032843,
300,20170813,.05,.07,.05,.07,.05,.07,.05,.05,.07,.05,.05,.2,.19,.12,.11,.11,.11,.13,.12,.22,.14,.09,.07,.42,.17,.29,.35,.14,.12,.13,.13,.09,.11,.13,.08,.62,.41,.27,.3,.31,.23,.14,.05,.03,.04,.04,.03,.04,A,,,20170814030813,
300,20170814,.02,.04,.02,.04,.02,.04,.02,.02,.04,.02,.22,.16,.15,.19,.09,.03,.02,.03,.02,.03,.02,.03,.02,.03,.03,.03,.02,.03,.03,.03,.03,.03,.03,.05,.07,.15,.12,.76,.19,.17,.17,.18,.16,.33,.07,.31,.03,.04,A,,,20170815033731,
300,20170815,.03,.03,.04,.02,.04,.03,.04,.03,.04,.03,.03,.02,.06,.07,.06,.06,.12,.07,.14,.22,.46,.16,.31,.03,.03,.04,.04,.04,.04,.04,.04,.11,.08,.08,.07,.09,.08,.06,.06,.06,.06,.09,.1,.07,.07,.06,.06,.06,A,,,20170816031337,
300,20170816,.06,.06,.06,.06,.06,.05,.07,.15,.16,.16,.17,.18,.16,.19,.19,.06,.06,.06,.05,.05,.06,.06,.16,.34,.49,.28,.12,.07,.07,.08,.06,.07,.1,.13,.14,.13,.51,.5,.4,.25,.46,.15,.06,.04,.03,.03,.04,.04,A,,,20170817031422,
300,20170817,.03,.03,.03,.03,.03,.04,.04,.03,.03,.03,.03,.03,.08,.04,.04,.1,.19,.06,.03,.04,.03,.03,.03,.03,.04,.03,.03,.57,.21,.07,.08,.04,.04,.08,.13,.12,.54,.14,.15,.1,.15,.21,.2,.3,.24,.04,.04,.04,A,,,20170818031435,
300,20170818,.03,.03,.03,.03,.03,.03,.03,.03,.03,.03,.02,.03,.04,.07,.05,.14,.25,.1,.09,.03,.03,.03,.03,.03,.03,.08,.08,.08,.17,.08,.07,.08,.09,.06,.04,.05,.08,.72,.33,.15,.17,.17,.17,.19,.29,.07,.34,.03,A,,,20170819034349,
300,20170819,.03,.03,.02,.03,.02,.03,.02,.02,.04,.02,.02,.02,.04,.02,.02,1.04,.93,.08,.07,.04,.15,.13,.15,.15,.14,.61,.12,.22,.22,.12,.11,.07,.09,.07,.51,.67,.66,.67,1.52,.36,.17,.32,.17,.41,.54,.09,.36,.09,A,,,20170820031415,
300,20170820,.07,.05,.05,.07,.05,.05,.05,.05,.05,.05,.05,.05,.05,.05,1.22,.69,.63,.71,.21,.2,.17,.18,.17,.25,.18,.24,.17,.1,.07,.06,.05,.07,.07,.05,.08,.1,.25,.17,.16,.17,.17,.13,.12,.03,.04,.02,.03,.08,A,,,20170821031407,
300,20170821,.03,.04,.02,.02,.04,.02,.02,.02,.04,.02,.02,.02,.02,.04,.02,.02,.15,.05,.02,.06,.1,.09,.1,.05,.46,.1,.09,.08,.09,.1,.1,.09,.07,.07,.07,.11,.12,.1,.11,.1,.11,.07,.05,.03,.04,.02,.02,.1,A,,,20170822031411,
300,20170822,.04,.04,.02,.04,.02,.03,.04,.02,.04,.03,.02,.04,.03,.07,.04,.08,.17,.1,.08,.07,.3,.29,.13,.32,.08,.17,.17,.16,.13,.71,.3,.14,.06,.07,.06,.15,.16,.12,.09,.09,.29,.22,.2,.09,.07,.06,.05,.06,A,,,20170823033748,
300,20170823,.05,.06,.05,.06,.05,.06,.05,.06,.05,.06,.05,.05,.08,.1,.07,.23,.1,.09,.22,.34,.12,.09,.29,.06,.06,.05,.06,.07,.07,.05,.06,.07,.07,.06,.15,.2,.53,.44,.24,.25,.2,.19,.14,.08,.06,.06,.07,.06,A,,,20170824031652,
300,20170824,.06,.07,.05,.07,.05,.07,.05,.06,.05,.06,.05,.06,.05,.07,.05,.04,.02,.16,.06,.08,.08,.06,.08,.15,.15,.09,.29,.09,.41,.31,.14,.05,.03,.03,.17,.8,.83,.81,.33,.19,.1,.08,.06,.05,.05,.05,.04,.03,A,,,20170825032016,
300,20170825,.04,.04,.02,.04,.02,.04,.02,.04,.02,.04,.02,.02,.04,.05,.05,.04,.02,.16,.23,.35,.35,.27,.08,.19,.07,.09,.13,.03,.04,.04,.02,.04,.04,.03,.06,.12,.1,.11,.17,.22,.16,.14,.16,.1,.04,.02,.1,.04,A,,,20170826034057,
300,20170826,.03,.04,.02,.02,.04,.03,.02,.02,.04,.02,.02,.02,.05,.03,.02,.02,.02,.14,.14,.11,.11,.3,.54,.25,.35,.11,.34,.1,.15,.07,.04,.08,.09,.07,.06,.07,.63,.51,.19,.18,.17,.18,.19,.14,.07,.07,.05,.06,A,,,20170827033755,
300,20170827,.05,.05,.06,.05,.06,.05,.06,.06,.05,.06,.05,.22,.17,.11,.07,.05,.06,.06,.05,.07,.05,.17,.12,.13,.11,.12,.08,.07,.08,.06,.08,.08,.06,.06,.09,.17,.18,.14,.2,.49,.24,.46,.21,.1,.04,.04,.03,.04,A,,,20170828031646,
300,20170828,.03,.03,.03,.03,.02,.04,.02,.02,.04,.02,.02,.02,.04,.19,.14,.06,.02,.02,.02,.04,.02,.02,.04,.02,.04,.02,.04,.02,.04,.03,.03,.04,.02,.04,.08,.03,.73,.7,.21,.39,.75,.76,.72,.04,.04,.02,.02,.04,A,,,20170829032551,
300,20170829,.02,.02,.02,.04,.02,.02,.02,.02,.02,.02,.02,.02,.02,1.11,.91,.48,.1,.06,.34,.02,.04,.02,.04,.02,.04,.02,.04,.03,.03,.04,.02,.04,.04,.02,.06,.14,.43,.26,.08,.37,.32,.61,.17,.04,.04,.02,.03,.03,A,,,20170830035859,
300,20170830,.02,.03,.02,.03,.02,.03,.02,.02,.03,.02,.28,1.57,.54,.13,.03,.02,.02,.04,.02,.02,.04,.02,.04,.02,.04,.02,.04,.02,.04,.03,.03,.04,.02,.07,.04,.62,.33,.16,.14,.15,.17,.14,.14,.37,.14,.28,.1,.03,A,,,20170831035259,
300,20170831,.04,.02,.03,.04,.02,.02,.04,.02,.02,.02,.04,.02,.06,.07,.05,.02,.02,.27,.11,.06,.06,.02,.04,.1,.12,.09,.15,.15,.03,.04,.03,.03,.04,.03,.03,.09,.36,.5,.17,.16,.14,.1,.05,.02,.04,.09,.06,.11,A,,,20170901072422,
300,20170901,.12,.04,.03,.02,.04,.02,.02,.04,.02,.02,.04,.02,.02,.06,.06,.02,.02,.09,.11,.07,.02,.03,.09,.87,.09,.12,.27,.08,.31,.07,.24,.05,.08,.07,.07,.07,.12,.14,.11,.12,.12,.04,.04,.03,.04,.03,.04,.14,A,,,20170902040502,
300,20170902,.05,.03,.04,.02,.04,.02,.02,.04,.02,.02,.04,.02,.16,.02,.02,.04,.02,.1,.07,.06,.06,.09,.11,.09,.02,.04,.06,.13,.12,.11,.11,.09,.04,.17,.07,.04,.04,.03,.03,.04,.04,.02,.04,.04,.02,.08,.06,.04,A,,,20170903035909,
300,20170903,.03,.04,.04,.02,.04,.02,.04,.02,.04,.02,.03,.03,.02,.04,.02,.16,.04,.03,.03,.03,.04,.04,.14,.33,.45,.43,.16,.07,.04,.04,.04,.06,.14,.08,.26,.22,.6,.35,.32,.28,.2,.22,.16,.09,.04,.03,.04,.04,A,,,20170904035558,
300,20170904,.02,.04,.03,.03,.04,.02,.04,.02,.04,.02,.04,.02,.04,.02,.07,.19,.11,.12,.07,.11,.17,.22,.1,.1,.19,.16,.11,.1,.09,.04,.03,.03,.04,.13,.25,.48,.22,.19,.21,.22,.15,.14,.14,.26,.2,.37,.05,.28,A,,,20170905041110,
300,20170905,.04,.03,.04,.02,.04,.02,.04,.02,.03,.03,.02,.04,.03,.02,.05,.03,.07,.12,.04,.02,.04,.02,.04,.03,.03,.04,.02,.04,.12,.21,.09,.07,.05,.07,.05,.14,.17,.15,.2,.15,.14,.15,.15,.25,.21,.07,.03,.04,A,,,20170906040511,
300,20170906,.02,.02,.04,.02,.02,.03,.03,.02,.02,.02,.04,.02,.05,.05,.08,.02,.15,.2,.07,.02,.04,.03,.04,.03,.04,.02,.04,.04,.09,.14,.09,.06,.31,.05,.3,.13,.13,.22,.18,.05,.06,.05,.05,.06,.05,.06,.06,.03,A,,,20170907035934,
300,20170907,.04,.02,.02,.04,.02,.02,.04,.02,.02,.02,.02,.04,.02,.03,.06,.04,.07,1.03,.55,.07,.07,.03,.03,.04,.02,.04,.03,.1,.1,.18,.09,.09,.2,.03,.77,.43,.65,.81,.23,.18,.46,.22,.11,.59,.04,.03,.04,.03,A,,,20170908035907,
300,20170908,.03,.04,.03,.02,.04,.02,.02,.04,.02,.02,.16,.14,.21,.3,.02,.02,.02,.04,.02,.02,.04,.02,.04,.02,.04,.03,.03,.04,.03,.04,.04,.03,.14,.07,.05,.2,.34,.19,.16,.14,.16,.18,.42,.07,.28,.1,.03,.03,A,,,20170909033154,
300,20170909,.02,.04,.02,.04,.02,.02,.04,.02,.02,.03,.03,.57,.93,.09,.07,.05,.1,.12,.08,.1,.04,.07,.07,.1,.08,.06,.08,.08,.08,.07,.05,.06,.2,.04,.03,.03,.04,.03,.02,.04,.02,.03,.04,.02,.04,.02,.04,.02,A,,,20170910035912,
300,20170910,.04,.02,.04,.02,.02,.04,.02,.04,.02,.02,.04,.02,.02,.04,.02,.02,.04,.02,.02,.04,.02,.04,.03,.03,.06,.16,.13,.06,.06,.04,.04,.63,.2,.07,.09,.1,.36,.27,.19,.1,.04,.05,.03,.05,.02,.06,.09,.18,A,,,20170911040224,
300,20170911,.11,.03,.05,.02,.04,.04,.02,.03,.05,.02,.02,.04,.04,.02,.02,.15,.07,.04,.02,.06,.05,.15,.34,.05,.3,.02,.05,.04,.04,.04,.03,.05,.03,.05,.05,.1,.15,1.03,.17,.15,.09,.09,.04,.03,.06,.02,.06,.22,A,,,20170912041839,
300,20170912,.11,.03,.05,.04,.02,.02,.05,.03,.02,.02,.04,.04,.02,.08,.07,.04,.09,.13,.08,.1,.1,.02,.09,.09,.07,.1,.14,.1,.02,.06,.02,.06,.02,.07,.03,.08,.28,.16,.72,.31,.17,.1,.09,.04,.03,.06,.02,.03,A,,,20170913040540,
300,20170913,.06,.09,.06,.05,.02,.06,.03,.02,.05,.03,.19,.25,.19,.14,.04,.02,.02,.06,.02,.03,.06,.02,.04,.04,.02,.06,.02,.06,.03,.05,.04,.05,.17,.08,.11,.13,.2,.21,.24,.51,.29,.5,.19,.08,.13,.06,.03,.05,A,,,20170914040815,
300,20170914,.02,.06,.02,.04,.04,.02,.06,.02,.04,.05,.02,.04,.05,.07,.09,.05,.02,.02,.04,.09,.08,.14,.08,.06,.06,.2,.29,.21,.05,.04,.03,.02,.21,.02,.04,.3,.73,.38,.29,.33,.61,.35,.45,.06,.28,.13,.03,.02,A,,,20170915040232,
300,20170915,.02,.02,.02,.06,.03,.02,.02,.02,.02,.02,.02,.02,.02,.02,.06,.35,.04,.07,.11,.15,.14,.14,.06,.07,.13,.07,.06,.05,.02,.04,.04,.02,.05,.03,.02,.06,.02,.02,.06,.02,.02,.04,.04,.02,.02,.02,.06,.02,A,,,20170916040827,
300,20170916,.02,.02,.11,.24,.03,.03,.03,.02,.02,.02,.04,.05,.02,.02,.02,.02,.02,.02,.11,.11,.08,.09,.08,.22,.03,.04,.04,.02,.06,.02,.04,.04,.81,.09,.05,.59,.33,.19,.19,.16,.04,.06,.02,.05,.03,.02,.06,.16,A,,,20170917035608,
300,20170917,.03,.02,.06,.02,.02,.04,.04,.02,.02,.03,.05,.02,.02,.02,.06,.07,.06,.2,.1,.07,.06,.12,.09,.07,.43,1.22,.12,.21,.1,.36,.1,.32,.07,.08,.19,.19,.21,.17,.28,.21,.19,.25,.2,.19,.15,.12,.11,.19,A,,,20170918040827,
300,20170918,.14,.06,.03,.05,.04,.02,.02,.02,.05,.03,.02,.02,.02,.04,.04,.03,.23,.11,.05,.05,.12,.14,.06,.05,.08,.07,.05,.08,.07,.08,.14,.09,.09,.11,.07,.13,.2,.17,.43,.35,.3,.1,.03,.04,.05,.02,.03,.05,A,,,20170919040821,
300,20170919,.09,.07,.05,.02,.04,.04,.02,.02,.02,.06,.02,.02,.04,.09,.05,.04,.13,.05,.05,.02,.02,.06,.02,.04,.05,.02,.06,.03,.15,.59,.3,.22,.02,.06,.05,.11,.27,.79,.22,.24,.21,.22,.21,.2,.22,.07,.03,.06,A,,,20170920041724,
300,20170920,.03,.02,.05,.04,.02,.02,.06,.03,.02,.02,.04,.05,.03,.07,.06,.07,.06,.07,.05,.04,.02,.04,.05,.02,.05,.05,.13,.26,.16,.12,.29,.08,.07,.09,.05,.06,.04,.55,.52,.17,.22,.23,.17,.1,.06,.03,.04,.05,A,,,20170921031753,
300,20170921,.02,.03,.05,.02,.02,.05,.03,.02,.02,.06,.02,.02,.02,.05,.08,.02,.02,.05,.07,.21,.13,.09,.12,.09,.06,.05,.06,.02,.07,.12,.11,.07,.04,.07,.09,.09,.31,.22,.25,.22,.23,.25,.27,.07,.3,.02,.02,.05,A,,,20170922031745,
300,20170922,.05,.02,.02,.05,.05,.02,.02,.04,.05,.02,.02,.02,.07,.1,.09,.07,.15,.09,.06,.06,.08,.04,.06,.11,.1,.22,.25,.11,.17,.24,.11,.14,.05,.08,.05,.16,.79,.59,.28,.33,.39,.36,.32,.4,.37,.37,.35,.18,A,,,20170923032230,
300,20170923,.08,.05,.06,.04,.04,.05,.02,.04,.04,.02,.03,.12,.07,.06,.04,.04,.04,.2,.11,.04,.06,.02,.05,.05,.03,.15,.25,.23,.12,.07,.1,.16,.1,.27,.11,.36,.32,.2,.05,.06,.09,.14,.23,.28,.19,.11,.12,.07,A,,,20170924031940,
300,20170924,.03,.02,.05,.04,.02,.02,.04,.05,.02,.02,.02,.14,.09,.04,.04,.1,.04,.08,.01,.06,.2,.16,.14,.71,.29,.14,.08,.06,.1,.14,.09,.12,.15,.09,.11,.08,.17,.2,.2,.21,.19,.07,.04,.04,.05,.01,.05,.03,A,,,20170925031730,
300,20170925,.02,.06,.02,.03,.05,.02,.03,.06,.02,.02,.16,.24,.13,.31,.05,.23,.05,.03,.02,.05,.02,.05,.03,.03,.05,.02,.06,.02,.05,.03,.04,.05,.03,.1,.2,.53,.88,.56,.6,.32,.18,.16,.08,.02,.06,.03,.04,.04,A,,,20170926031137,
300,20170926,.02,.06,.02,.03,.05,.02,.04,.03,.02,.05,.14,.23,.19,.06,.02,.05,.01,.05,.02,.03,.03,.01,.05,.01,.05,.02,.04,.03,.04,.03,.03,.04,.05,.05,.05,.17,.41,.3,.22,.22,.19,.17,.11,.04,.02,.04,.05,.02,A,,,20170927014727,
300,20170927,.02,.03,.05,.01,.02,.01,.06,.03,.02,.01,.02,.06,.11,.2,.08,.19,.13,.12,.34,.06,.29,.04,.06,.06,.11,.06,.11,.09,.06,.05,.06,.02,.02,.08,.08,.15,.29,.08,.07,.05,.04,.06,.05,.11,.03,.06,.02,.01,A,,,20170928032549,
300,20170928,.01,.06,.01,.01,.01,.06,.01,.01,.01,.05,.03,.01,.01,.03,.06,.04,.11,.08,.06,.03,.06,.02,.03,.05,.01,.05,.03,.03,.05,.01,.06,.03,.04,.05,.04,.06,.59,.68,.09,.08,.09,.23,.19,.06,.06,.06,.06,.06,A,,,20170929032556,
300,20170929,.06,.04,.02,.06,.05,.08,.06,.06,.01,.01,.16,.18,.12,.26,.1,.04,.24,.06,.02,.01,.05,.05,.01,.03,.06,.03,.02,.06,.04,.01,.06,.05,.02,.06,.07,.92,.27,.23,.19,.24,.07,.01,.05,.06,.01,.02,.09,.03,A,,,20170930032705,
300,20170930,.01,.05,.04,.01,.03,.06,.01,.01,.04,.04,.01,.19,.16,.04,.01,.05,.19,.15,.06,.05,.14,.18,.08,.57,.27,.12,.07,.04,.04,.02,.05,.02,.12,.17,.18,.19,.02,.04,.01,.04,.01,.03,.07,.05,.03,.04,.03,.02,A,,,20171001032906,
300,20171001,.04,.01,.04,.02,.01,.05,.01,.01,.05,.01,.01,.17,.15,.06,.04,.04,.1,.08,.08,.1,.02,.04,.05,.25,.17,.13,.34,.2,.11,.12,.12,.43,.11,.07,.13,.15,.88,.39,.22,.2,.15,.06,.07,.04,.04,.06,.06,.04,A,,,20171002032832,
300,20171002,.04,.04,.04,.08,.04,.04,.04,.04,.05,.08,.04,.04,.04,.04,.08,.27,.17,.14,.14,.15,.18,.17,.11,.11,.08,.08,.2,.27,.16,.2,.23,.18,.19,.2,.51,.41,.31,.29,.2,.26,.17,.13,.34,.05,.33,.05,.02,.01,A,,,20171003034350,
300,20171003,.01,.01,.02,.06,.03,.01,.01,.01,.01,.01,.05,.04,.01,.06,.06,.21,.14,.14,.09,.04,.15,.14,.08,.32,.38,.23,.1,.09,.06,.05,.03,.04,.03,.07,.19,.2,.2,.11,.1,.28,.25,.07,.03,.02,.04,.01,.07,.14,A,,,20171004140013,
300,20171004,.07,.05,.01,.04,.02,.01,.05,.01,.01,.05,.01,.04,.1,.06,.08,.16,.17,.14,.07,.06,.07,.06,.07,.13,.26,.15,.06,.06,.04,.01,.06,.01,.04,.14,.08,.1,.44,.64,.27,.25,.08,.1,.06,.05,.08,.04,.09,.26,A,,,20171005145447,
300,20171005,.14,.05,.07,.07,.04,.04,.08,.05,.04,.04,.08,.05,.04,.05,.09,.02,.01,.01,.05,.1,.05,.13,.13,.34,.22,.4,.1,.09,.02,.06,.02,.05,.02,.05,.02,.08,.04,.17,.71,.26,.16,.24,.25,.16,.05,.02,.07,.13,A,,,20171006032337,
300,20171006,.04,.03,.06,.01,.01,.04,.04,.01,.01,.04,.04,.01,.02,.08,.03,.01,.04,.04,.08,.17,.07,.08,.06,.06,.07,.11,.12,.13,.04,.02,.06,.03,.03,.06,.08,.1,.2,.18,.24,.22,.21,.25,.17,.13,.15,.17,.1,.09,A,,,20171007034028,
300,20171007,.13,.03,.02,.06,.02,.01,.03,.05,.01,.01,.03,.05,.01,.02,.02,.06,.03,.19,.1,.08,.09,.19,.06,.04,.07,.07,.13,.46,.28,.46,.1,.1,.17,.23,.17,.04,.2,.38,.11,.07,.07,.11,.08,.07,.07,.1,.09,.07,A,,,20171008032433,
300,20171008,.1,.15,.1,.05,.05,.05,.07,.08,.05,.05,.05,.08,.07,.05,.05,.05,.09,.09,.07,.22,.12,.09,.07,.12,.15,.38,.42,.76,.25,.14,.13,.13,.09,.07,.05,.14,.42,.34,.39,.36,.32,.22,.4,.09,.3,.09,.05,.05,A,,,20171009032810,
300,20171009,.08,.06,.05,.06,.08,.05,.05,.07,.07,.05,.05,.28,.24,.1,.06,.05,.05,.09,.05,.05,.09,.06,.05,.09,.05,.06,.08,.05,.09,.06,.06,.09,.09,.09,.09,.09,.51,.44,.29,.44,.26,.12,.1,.1,.09,.09,.05,.09,A,,,20171010032753,
300,20171010,.08,.05,.08,.08,.05,.07,.08,.05,.06,.09,.05,.22,.22,.12,.31,.11,.26,.06,.09,.05,.07,.08,.05,.08,.07,.06,.09,.05,.08,.07,.06,.09,.14,.14,.14,.11,.22,.37,.22,.16,.18,.23,.19,.05,.09,.07,.05,.06,A,,,20171011032414,
300,20171011,.09,.05,.05,.08,.08,.05,.05,.09,.09,.11,.09,.09,.07,.1,.12,.03,.06,.02,.02,.05,.04,.02,.04,.08,.08,.2,.1,.04,.04,.06,.02,.05,.05,.02,.06,.04,.02,.06,.03,.02,.06,.18,.28,.32,.17,.13,.17,.11,A,,,20171012032452,
300,20171012,.08,.07,.03,.04,.04,.02,.05,.04,.02,.05,.04,.02,.05,.06,.06,.07,.12,.1,.12,.02,.02,.04,.09,.07,.54,.3,.19,.17,.27,.09,.19,.09,.07,.02,.05,.04,.02,.05,.05,.17,.19,.13,.06,.07,.02,.02,.1,.09,A,,,20171013032810,
300,20171013,.02,.03,.06,.02,.02,.04,.05,.02,.02,.04,.05,.02,.07,.11,.04,.02,.02,.08,.16,.16,.26,.08,.03,.06,.03,.03,.06,.02,.21,.1,.03,.06,.05,.1,.11,.89,.64,.73,.31,.19,.2,.18,.16,.11,.05,.07,.09,.05,A,,,20171014032317,
300,20171014,.06,.09,.05,.05,.09,.06,.05,.06,.09,.05,.05,.08,.07,.05,.05,.09,.1,.19,.12,.06,.32,.12,.22,.16,.11,.16,.18,.15,.34,.14,.13,.12,.1,.1,.55,.57,.35,.27,.23,.21,.19,.17,.05,.03,.03,.02,.06,.03,A,,,20171015034043,
300,20171015,.02,.02,.02,.02,.05,.05,.02,.02,.02,.02,.04,.06,.02,.02,.04,.18,.14,.03,.02,.02,.02,.03,.06,.03,.02,.02,.02,.02,.06,.04,.02,.02,.02,.02,.09,.13,.13,.69,.23,.19,.19,.17,.34,.06,.33,.04,.02,.02,A,,,20171016032115,
300,20171016,.02,.04,.06,.02,.02,.02,.02,.04,.06,.02,.02,.23,.18,.06,.02,.02,.02,.02,.06,.04,.02,.02,.02,.06,.04,.02,.02,.04,.06,.02,.02,.04,.12,.05,.13,.19,.2,.3,.3,.15,.15,.11,.05,.02,.02,.02,.05,.04,A,,,20171017032416,
300,20171017,.02,.02,.02,.02,.06,.04,.02,.02,.02,.02,.26,.19,.12,.31,.05,.47,.13,.02,.02,.02,.05,.04,.02,.02,.02,.07,.02,.02,.02,.05,.04,.11,.09,.06,.06,.5,.34,.28,.22,.23,.28,.08,.04,.03,.04,.02,.04,.02,A,,,20171018032510,
300,20171018,.04,.02,.04,.02,.04,.02,.04,.02,.02,.04,.14,.13,.16,.06,.02,.02,.04,.02,.02,.04,.02,.04,.02,.03,.03,.03,.03,.03,.03,.03,.03,.06,.08,.09,.09,.07,.69,1.32,.48,.2,.16,.17,.37,.06,.56,.02,.02,.02,A,,,20171019032134,
300,20171019,.03,.07,.05,.02,.02,.02,.02,.02,.02,.07,.12,.14,.19,.12,.06,.03,.02,.04,.04,.02,.02,.06,.02,.02,.06,.03,.02,.05,.03,.02,.06,.06,.11,.05,.03,.18,.73,.22,.27,.26,.23,.08,.04,.07,.03,.04,.05,.02,A,,,20171020032258,
300,20171020,.02,.07,.03,.02,.04,.05,.02,.02,.04,.05,.13,.19,.16,.39,.06,.28,.29,.04,.06,.02,.02,.05,.05,.02,.04,.06,.02,.03,.06,.02,.03,.06,.12,.06,.02,.04,.09,.03,1.18,.65,.24,.26,.16,.06,.03,.06,.03,.02,A,,,20171021032111,
300,20171021,.06,.03,.02,.06,.03,.02,.04,.05,.02,.02,.06,.03,.02,.06,.21,.16,.15,.17,.29,.17,.09,.09,.12,.1,.24,.04,.02,.03,.04,.02,.02,.05,.02,.02,.03,.04,.02,.02,.04,.03,.02,.02,.04,.03,.02,.02,.03,.04,A,,,20171022032300,
300,20171022,.02,.02,.02,.05,.02,.02,.02,.02,.05,.02,.02,.02,.03,.05,.02,.02,.02,.04,.03,.02,.02,.05,.02,.02,.05,.02,.03,.04,.02,.05,.02,.03,.04,.02,.05,.02,.05,.02,.02,.05,.02,.04,.03,.02,.04,.03,.02,.03,A,,,20171023032309,
300,20171023,.04,.02,.02,.05,.02,.02,.04,.03,.02,.02,.05,.02,.02,.02,.05,.02,.02,.02,.05,.02,.02,.07,.19,.19,.57,.17,.57,.13,.17,.16,.11,.02,.03,.06,.23,.2,.22,.39,.29,.21,.13,.13,.06,.03,.05,.03,.02,.02,A,,,20171024032104,
300,20171024,.05,.02,.02,.02,.05,.03,.02,.02,.02,.05,.03,.02,.11,.12,.1,.03,.02,.05,.02,.02,.03,.04,.02,.04,.03,.02,.05,.02,.05,.02,.04,.03,.03,.7,.17,.1,.29,.54,.21,.14,.17,.14,.19,.06,.03,.05,.02,.02,A,,,20171025032524,
300,20171025,.05,.09,.06,.03,.03,.05,.02,.02,.05,.02,.02,.02,.07,.05,.02,.06,.02,.14,.15,.03,.05,.04,.32,.05,.68,.14,.05,.06,.03,.05,.05,.11,.06,.05,.11,.19,.11,.44,.54,.25,.24,.24,.21,.17,.33,.11,.03,.05,A,,,20171026032457,
300,20171026,.04,.02,.05,.04,.02,.04,.05,.02,.02,.06,.03,.02,.02,.1,.05,.02,.09,.1,.08,.07,.04,.02,.07,.04,.03,.1,.19,.03,.05,.04,.05,.05,.08,.11,.09,.16,.1,.14,.79,.23,.16,.17,.14,.25,.19,.1,.04,.01,A,,,20171027032144,
300,20171027,.05,.01,.01,.05,.01,.02,.04,.01,.01,.05,.01,.01,.03,.08,.06,.02,.1,.04,.05,.03,.01,.05,.02,.02,.05,.01,.04,.05,.09,.13,.16,.25,.12,.54,.03,.05,1.05,.28,.25,.2,.22,.08,.06,.06,.02,.05,.03,.02,A,,,20171028032126,
300,20171028,.06,.02,.03,.05,.02,.03,.05,.02,.03,.06,.02,.02,.06,.05,.03,.06,.02,.05,.22,.1,.09,.16,.19,.14,.14,.16,.15,.15,.11,.17,.12,.07,.13,.2,.25,.31,.31,.19,.25,.67,.23,.21,.19,.19,.05,.03,.05,.02,A,,,20171029032900,
300,20171029,.05,.03,.03,.05,.02,.04,.04,.02,.05,.03,.02,.06,.02,.02,.16,.05,.02,.06,.03,.03,.06,.02,.06,.03,.04,.08,.17,.12,.1,.12,.1,.13,.13,.13,.04,.12,.29,.25,.32,.38,.29,.14,.05,.07,.06,.04,.07,.05,A,,,20171030032708,
300,20171030,.04,.07,.05,.04,.07,.05,.04,.07,.05,.04,.06,.19,.08,.11,.06,.04,.12,.06,.08,.14,.21,.23,.15,.11,.11,.38,.15,.32,.13,.19,.1,.08,.1,.06,.07,.04,.45,.83,.46,.24,.25,.1,.09,.08,.07,.04,.06,.08,A,,,20171031032445,
300,20171031,.04,.04,.08,.06,.04,.04,.08,.05,.04,.04,.04,.04,.07,.07,.19,.07,.13,.17,.11,.02,.03,.06,.02,.02,.09,.08,.49,.35,.1,.04,.06,.06,.04,.02,.06,.14,.5,.37,.24,.15,.17,.22,.18,.05,.03,.06,.04,.02,V,,,20171101034039,
400,1,31,A,,
400,32,32,A,79,Power Outage Alarm 
400,33,48,A,,
300,20171101,.02,.02,.07,.03,.02,.02,.02,.04,.06,.02,.02,.03,.25,.1,.32,.05,.28,.02,.03,.07,.03,.02,.02,.06,.04,.02,.04,.07,.03,.02,.06,.06,.09,.14,.06,.05,.24,.48,.27,.28,.29,.1,.04,.03,.06,.04,.02,.02,A,,,20171102032410,
300,20171102,.04,.06,.02,.02,.02,.02,.03,.07,.03,.02,.02,.02,.02,.02,.04,.2,.09,.09,.1,.02,.03,.07,.05,.02,.1,.15,.11,.04,.05,.07,.02,.03,.07,.05,.02,.19,.22,.19,.22,.25,.21,.21,.24,.24,.21,.21,.19,.09,A,,,20171103032640,
300,20171103,.03,.03,.04,.07,.03,.02,.02,.02,.06,.05,.02,.02,.02,.04,.07,.06,.08,.07,.06,.22,.1,.04,.03,.15,.1,.1,.11,.12,.2,.09,.23,.02,.06,.05,.02,.08,.13,.19,.22,.15,.45,.13,.11,.07,.03,.02,.07,.11,A,,,20171104032808,
300,20171104,.04,.03,.02,.05,.07,.02,.02,.02,.03,.07,.05,.02,.02,.02,.02,.13,.14,.1,.2,.14,.13,.08,.14,.15,.14,.14,.14,.11,.11,.13,.15,.15,.1,.15,.1,.06,.12,.1,.23,.24,.21,.31,.25,.21,.22,.24,.15,.13,A,,,20171105032426,
300,20171105,.09,.03,.02,.06,.04,.02,.02,.06,.03,.02,.02,.07,.03,.02,.04,.14,.1,.1,.23,.1,.09,.08,.09,.11,.36,.46,.19,.12,.12,.35,.14,.32,.02,.05,.05,.06,.09,.12,.18,.12,.12,.11,.03,.04,.05,.02,.06,.09,A,,,20171106032830,
300,20171106,.04,.03,.04,.05,.02,.02,.03,.06,.02,.02,.02,.06,.07,.09,.09,.09,.12,.04,.02,.05,.03,.08,.12,.09,.25,.24,.07,.13,.22,.28,.19,.09,.05,.03,.05,.1,.14,.25,.24,.18,.19,.13,.08,.07,.07,.06,.07,.07,A,,,20171107032522,
300,20171107,.07,.07,.03,.02,.05,.05,.02,.02,.03,.07,.04,.02,.02,.06,.05,.02,.05,.06,.03,.03,.06,.02,.07,.13,.08,.05,.04,.12,.1,.43,.36,.36,.08,.54,.39,.81,.31,.47,.36,.27,.25,.12,.1,.04,.03,.03,.05,.02,A,,,20171108034304,
300,20171108,.02,.04,.05,.02,.02,.02,.06,.02,.02,.02,.14,.17,.16,.12,.02,.02,.06,.02,.02,.04,.04,.02,.04,.04,.02,.06,.03,.03,.05,.02,.05,.05,.19,.13,.11,.12,.14,.03,.06,.02,.02,.05,.02,.12,.03,.06,.02,.02,A,,,20171109032213,
300,20171109,.02,.05,.04,.03,.03,.03,.04,.05,.03,.03,.03,.15,.1,.03,.05,.34,.08,.29,.02,.03,.05,.02,.02,.06,.02,.03,.05,.02,.05,.03,.02,.06,.04,.08,.02,.02,.09,.07,.18,.21,.42,.25,.08,.07,.04,.03,.02,.04,A,,,20171110032225,
300,20171110,.06,.02,.02,.02,.02,.06,.04,.02,.02,.02,.02,.14,.11,.1,.08,.05,.02,.03,.05,.02,.02,.06,.03,.02,.06,.03,.02,.06,.02,.04,.05,.02,.05,.03,.02,.13,.61,.5,.2,.18,.16,.07,.07,.02,.02,.02,.07,.02,A,,,20171111032215,
300,20171111,.02,.02,.02,.06,.03,.02,.02,.02,.02,.06,.13,.05,.1,.03,.02,.06,.14,.15,.06,.05,.13,.14,.07,.04,.34,.4,.13,.32,.07,.15,.15,.08,.07,.04,.04,.04,.02,.04,.04,.02,.02,.06,.05,.09,.06,.03,.02,.04,A,,,20171112032221,
300,20171112,.05,.02,.02,.02,.06,.03,.02,.02,.02,.05,.04,.02,.02,.02,.03,.18,.07,.09,.15,.1,.02,.04,.22,1.23,.16,.1,.07,.1,.07,.13,.1,.12,.07,.05,.12,.09,.05,.05,.07,.08,.05,.05,.05,.12,.07,.04,.02,.02,A,,,20171113032220,
300,20171113,.02,.02,.02,.06,.05,.02,.02,.03,.02,.02,.02,.05,.09,.13,.06,.05,.06,.08,.04,.02,.02,.02,.06,.09,.13,1.19,.21,.14,.12,.09,.17,.39,.06,.27,.07,.15,.26,.29,.41,.4,.37,.19,.14,.07,.06,.02,.02,.02,A,,,20171114032220,
300,20171114,.05,.05,.02,.02,.02,.02,.05,.06,.02,.02,.13,.13,.16,.08,.05,.02,.07,.03,.02,.02,.04,.06,.02,.02,.05,.05,.02,.04,.05,.02,.05,.05,.09,.09,.03,.05,.11,.32,.28,.22,.2,.22,.21,.08,.03,.05,.04,.02,A,,,20171115032227,
300,20171115,.04,.05,.02,.02,.06,.03,.02,.03,.06,.03,.11,.1,.05,.03,.04,.05,.02,.02,.04,.05,.02,.03,.06,.02,.04,.06,.02,.05,.05,.02,.06,.03,.13,.32,.08,.26,.21,.05,.04,.05,.02,.04,.07,.08,.03,.07,.03,.02,A,,,20171116032222,
300,20171116,.05,.04,.02,.02,.05,.04,.02,.02,.05,.05,.02,.02,.13,.07,.09,.02,.03,.07,.02,.02,.02,.07,.04,.02,.05,.05,.02,.05,.05,.02,.05,.05,.05,.07,.04,.1,.71,.21,.21,.2,.2,.12,.06,.03,.05,.04,.02,.03,A,,,20171117032236,
300,20171117,.06,.02,.02,.04,.05,.02,.02,.03,.07,.03,.11,.09,.12,.33,.08,.22,.11,.04,.02,.02,.07,.03,.02,.06,.04,.02,.05,.04,.02,.06,.03,.07,.09,.02,.03,.1,.08,.17,.16,.14,.14,.36,.08,.12,.2,.07,.03,.02,A,,,20171118032220,
300,20171118,.02,.03,.06,.08,.07,.06,.02,.03,.05,.05,.02,.02,.02,.06,.03,.02,.09,.08,.05,.11,.03,.06,.02,.02,.03,.06,.02,.02,.03,.08,.07,.06,.06,.07,.03,.33,.22,.18,.99,.18,.18,.16,.15,.13,.04,.03,.02,.02,A,,,20171119034227,
300,20171119,.02,.06,.04,.02,.02,.02,.02,.04,.06,.02,.02,.02,.02,.02,.08,.19,.11,.17,.21,.11,.08,.11,.22,.38,.2,.1,.09,.07,.17,.08,.09,.08,.04,.03,.05,.02,.29,.27,.19,.05,.05,.08,.05,.05,.05,.11,.03,.03,A,,,20171120032243,
300,20171120,.02,.04,.05,.02,.02,.02,.05,.05,.02,.02,.03,.22,.06,.1,.34,.05,.29,.02,.02,.05,.02,.05,.03,.04,.04,.04,.04,.03,.11,.13,.12,.12,.04,.05,.25,1.1,.55,.4,.18,.23,.19,.17,.04,.05,.02,.06,.02,.03,A,,,20171121032244,
300,20171121,.05,.02,.04,.04,.02,.03,.04,.02,.02,.06,.2,.08,.1,.11,.07,.13,.26,.06,.53,.04,.03,.05,.03,.05,.03,.05,.03,.04,.04,.03,.05,.02,.09,.07,.08,.88,.18,.17,.2,.17,.21,.24,.22,.03,.06,.03,.05,.02,A,,,20171122032222,
300,20171122,.04,.03,.02,.05,.02,.03,.05,.03,.03,.05,.03,.16,.07,.11,.09,.03,.05,.03,.03,.04,.02,.05,.03,.04,.03,.04,.04,.04,.03,.04,.03,.05,.02,.05,.07,.07,.08,.05,.04,.04,.02,.04,.07,.06,.05,.03,.05,.02,A,,,20171123034217,
300,20171123,.05,.02,.04,.03,.03,.04,.02,.05,.02,.04,.03,.02,.05,.07,.08,.08,.25,.06,.06,.07,.05,.26,.2,.1,.2,.89,.33,.23,.63,.36,.09,.1,.09,.06,.08,.07,.05,.2,.2,.27,.22,.18,.19,.05,.03,.03,.06,.03,A,,,20171124032458,
300,20171124,.02,.02,.03,.06,.02,.02,.02,.04,.06,.02,.02,.08,.11,.07,.04,.04,.24,.11,.08,.09,.06,.02,.06,.15,.07,.08,.09,.07,.16,.08,.03,.05,.22,.15,.07,.13,.1,.06,.02,.13,.15,.14,.17,.03,.05,.04,.02,.05,A,,,20171125032456,
300,20171125,.03,.02,.05,.03,.02,.04,.05,.02,.03,.06,.02,.02,.04,.05,.02,.02,.17,.23,.12,.11,.08,.1,.06,.06,.02,.47,.15,.35,.11,.3,.09,.07,.05,.04,.06,.08,.11,.26,.26,.2,.19,.19,.15,.16,.03,.06,.02,.04,A,,,20171126032447,
300,20171126,.04,.02,.05,.02,.04,.03,.02,.05,.02,.04,.04,.02,.05,.02,.07,.08,.09,.21,.08,.13,.11,.1,.04,.04,.04,.73,.24,.13,.18,.14,.04,.08,.14,.11,.24,1.19,.78,.97,.93,.21,.17,.17,.11,.07,.07,.07,.07,.07,A,,,20171127032503,
300,20171127,.07,.04,.03,.07,.02,.02,.07,.03,.02,.05,.05,.02,.02,.06,.19,.13,.12,.06,.02,.04,.06,.02,.05,.09,.19,.12,.1,.07,.11,.1,.11,.13,.07,.1,.12,.07,.11,.2,.17,.16,.13,.17,.17,.07,.05,.06,.11,.23,A,,,20171128032450,
300,20171128,.23,.03,.03,.07,.02,.02,.05,.05,.02,.02,.05,.05,.02,.04,.08,.02,.02,.12,.12,.07,.08,.1,.17,.23,.17,.04,.05,.07,.26,.06,.24,.03,.04,.07,.09,.07,.08,.15,.45,.16,.16,.14,.03,.03,.07,.05,.04,.11,A,,,20171129032439,
300,20171129,.12,.06,.03,.02,.04,.07,.03,.02,.02,.06,.05,.02,.02,.09,.08,.03,.14,.09,.05,.05,.06,.09,.07,.12,.63,.18,.14,.09,.06,.02,.05,.04,.02,.06,.06,.07,.37,.4,.17,.17,.16,.09,.07,.06,.05,.03,.11,.13,A,,,20171130032248,
300,20171130,.03,.02,.04,.07,.03,.02,.02,.04,.07,.03,.02,.02,.04,.07,.07,.03,.14,.1,.41,.16,.1,.24,.03,.05,.05,.02,.03,.07,.06,.13,.05,.02,.08,.08,.09,.76,.34,.25,.28,.07,.06,.09,.05,.05,.13,.08,.03,.03,A,,,20171201100341,
300,20171201,.03,.07,.03,.02,.02,.06,.05,.02,.02,.04,.07,.02,.07,.06,.03,.08,.14,.03,.02,.06,.03,.04,.09,.51,.2,.07,.06,.06,.07,.05,.03,.07,.03,.04,.09,.05,.09,.24,.14,.14,.14,.13,.07,.03,.05,.06,.13,.16,A,,,20171202162813,
300,20171202,.03,.06,.03,.05,.02,.05,.03,.03,.05,.02,.05,.02,.04,.04,.08,.1,.08,.11,.15,.12,.09,.36,.18,.37,.05,.02,.08,.14,.1,.14,.08,.07,.05,.09,.05,.11,.09,.54,.19,.23,.24,.15,.14,.07,.12,.09,.03,.02,A,,,20171203033049,
300,20171203,.06,.06,.02,.02,.05,.06,.02,.02,.04,.05,.09,.07,.07,.02,.04,.11,.14,.1,.08,.12,.08,.05,.09,.06,.11,.12,.09,.13,.11,.08,.1,.05,.11,.23,.09,.56,.46,.18,.18,.18,.14,.16,.29,.19,.15,.06,.07,.03,A,,,20171204034221,
300,20171204,.02,.04,.05,.02,.02,.06,.06,.08,.08,.03,.03,.06,.04,.05,.11,.07,.09,.03,.02,.04,.05,.02,.02,.06,.06,.06,.08,.07,.05,.12,.06,.29,.08,.26,.25,.03,.11,.29,.82,.41,.12,.14,.09,.04,.06,.02,.02,.03,A,,,20171206140916,
300,20171205,.07,.03,.02,.02,.05,.05,.02,.02,.02,.06,.04,.02,.02,.09,.04,.04,.06,.02,.02,.29,.18,.09,.11,.14,.39,.1,.11,.14,.11,.06,.08,.12,.32,.24,.14,.1,.19,.46,1.05,.25,.21,.47,.19,.16,.26,.08,.06,.08,A,,,20171206134750,
300,20171206,.07,.05,.05,.08,.06,.05,.05,.05,.09,.05,.05,.06,.07,.31,.14,.14,.07,.11,.12,.06,.07,.07,.05,.09,.06,.48,.59,.38,.12,.09,.05,.13,.13,.18,.25,.26,.19,.06,.08,.06,.05,.08,.1,.09,.09,.06,.08,.06,A,,,20171207103454,
300,20171207,.05,.07,.07,.05,.05,.09,.1,.1,.08,.08,.21,.14,.13,.08,.02,.05,.03,.02,.06,.03,.04,.05,.02,.06,.02,.06,.03,.05,.04,.05,.04,.04,.09,.31,.09,.14,.26,.44,.16,.16,.18,.33,.12,.2,.12,.07,.04,.08,A,,,20171208104134,
300,20171208,.04,.04,.05,.02,.06,.03,.02,.07,.03,.02,.18,.1,.09,.07,.07,.02,.06,.02,.05,.03,.05,.04,.04,.04,.03,.05,.02,.06,.02,.05,.03,.05,.09,.08,.71,.28,.18,.16,.12,.13,.17,.08,.05,.06,.03,.02,.06,.02,A,,,20171209083041,
300,20171209,.02,.05,.04,.02,.03,.06,.02,.02,.05,.05,.02,.03,.05,.16,.08,.04,.02,.04,.26,.08,.08,.13,.07,.09,.11,.49,.66,.23,.14,.13,.14,.13,.13,.09,.06,.09,.06,.03,.07,.03,.05,.04,.03,.14,.05,.04,.06,.03,A,,,20171210053542,
300,20171210,.03,.06,.03,.02,.05,.04,.03,.03,.06,.04,.03,.15,.09,.14,.25,.1,.31,.09,.12,.12,.05,.09,.14,.1,.13,.13,.1,.16,.16,.22,.09,.08,.33,.09,.08,.08,.16,.28,.28,.21,.22,.24,.08,.03,.06,.03,.03,.06,A,,,20171211053334,
300,20171211,.03,.03,.06,.03,.03,.04,.05,.03,.03,.06,.03,.15,.08,.03,.1,.06,.06,.11,.17,.16,.09,.05,.23,.14,.17,.11,.13,.06,.08,.05,.08,.13,.09,.05,.08,.06,.09,.07,.06,.07,.06,.15,.18,.11,.04,.03,.05,.02,A,,,20171212160350,
300,20171212,.04,.04,.02,.04,.04,.02,.03,.06,.03,.03,.03,.05,.03,.05,.06,.11,.05,.03,.03,.05,.04,.03,.18,.12,.11,.13,.1,.29,.08,.73,.34,.33,.1,.03,.07,.13,.08,.14,.3,.21,.21,.22,.26,.22,.2,.04,.05,.05,A,,,20171214014018,
300,20171213,.03,.03,.06,.02,.03,.03,.06,.03,.03,.03,.07,.03,.03,.05,.05,.03,.19,.07,.03,.12,.31,.05,.19,.13,.29,.1,.26,.03,.06,.04,.05,.04,.04,.05,.05,.09,.04,.18,.13,.09,.13,.13,.12,.16,.04,.03,.06,.03,A,,,20171214143557,
300,20171214,.02,.06,.04,.02,.04,.06,.03,.03,.07,.03,.03,.05,.05,.06,.12,.06,.3,.16,.06,.05,.06,.03,.06,.03,.05,.05,.03,.07,.06,.1,.1,.1,.1,.07,.97,.64,.74,.23,.24,.29,.21,.11,.07,.07,.03,.07,.04,.04,A,,,20171215093126,
300,20171215,.06,.02,.04,.05,.02,.03,.07,.03,.03,.05,.14,.05,.13,.06,.31,.1,.23,.02,.05,.05,.02,.04,.07,.07,.07,.07,.03,.05,.05,.03,.07,.03,.19,.11,.09,.14,.04,.04,.06,.02,.06,.04,.03,.07,.02,.03,.06,.02,A,,,20171216103624,
300,20171216,.02,.06,.08,.04,.05,.05,.02,.03,.07,.03,.02,.04,.06,.02,.02,.06,.12,.07,.14,.12,.08,.11,.04,.04,.05,.06,.39,.1,.08,.05,.14,.12,.13,.14,.08,.25,.5,.5,.45,.44,.37,.41,.46,.23,.23,.22,.2,.33,A,,,20171217063925,
300,20171217,.09,.5,.02,.06,.03,.02,.06,.03,.02,.05,.04,.02,.05,.05,.05,.19,.08,.09,.11,.1,.14,.1,.14,.16,.21,.33,.32,.13,.12,.12,.27,.49,.25,.12,.09,.12,.15,.31,.31,.28,.32,.18,.22,.11,.03,.06,.03,.05,A,,,20171218053455,
300,20171218,.04,.02,.06,.02,.03,.05,.03,.04,.05,.03,.04,.05,.03,.04,.05,.07,.06,.04,.06,.06,.04,.07,.08,.09,.09,.06,.18,.16,.14,.22,.29,.17,.21,.12,.12,.1,.16,.2,.82,.72,.41,.19,.16,.23,.22,.12,.1,.06,A,,,20171219114029,
300,20171219,.03,.03,.05,.02,.02,.06,.03,.03,.04,.06,.03,.03,.04,.05,.04,.05,.07,.1,.05,.04,.06,.08,.04,.06,.08,.07,.13,.12,.1,.11,.1,.1,.17,.14,.13,.1,.08,.17,.18,.28,.26,.25,.35,.18,.19,.07,.04,.05,A,,,20171220143248,
300,20171220,.03,.05,.03,.05,.03,.04,.03,.04,.03,.04,.04,.03,.04,.05,.05,.07,.1,.05,.06,.08,.04,.07,.06,.05,.14,.1,.05,.63,1.13,.85,.57,.21,.11,.76,.69,.19,.18,.1,.06,.05,.05,.04,.05,.09,.07,.06,.07,.05,A,,,20171221134113,
300,20171221,.07,.11,.08,.08,.05,.07,.05,.06,.05,.06,.05,.06,.14,.09,.03,.06,.04,.08,.06,.04,.05,.03,.05,.03,.06,.04,.11,.07,.12,.12,.07,.12,.73,.12,.09,.37,.03,.71,.43,.24,.22,.24,.21,.09,.09,.09,.08,.06,A,,,20171222113824,
300,20171222,.05,.08,.05,.05,.08,.04,.05,.07,.04,.05,.07,.22,.24,.1,.31,.05,.24,.06,.02,.04,.05,.03,.06,.04,.03,.07,.03,.07,.2,.16,.15,.1,.17,.54,.58,.37,.34,.24,.36,.45,.31,.6,.28,.15,.44,.08,.04,.04,A,,,20171223094154,
300,20171223,.07,.04,.04,.07,.09,.04,.07,.04,.04,.08,.04,.15,.25,.16,.14,.12,.11,.14,.1,.06,.13,.1,.14,.1,.1,.07,.32,.17,.22,.14,.15,.5,.55,.17,.14,.1,.28,.16,.4,.47,.34,.35,.14,.07,.24,.03,.06,.05,A,,,20171224064735,
300,20171224,.03,.08,.04,.05,.07,.04,.06,.06,.31,.43,.16,.07,.02,.05,.03,.04,.04,.02,.05,.02,.06,.02,.05,.02,.05,.03,.05,.03,.05,.04,.05,.04,.05,.04,.04,.05,.04,.05,.04,.05,.03,.05,.03,.05,.03,.05,.03,.05,A,,,20171225053059,
300,20171225,.03,.05,.02,.06,.02,.06,.02,.06,.02,.05,.02,.05,.06,.07,.07,.04,.04,.04,.03,.04,.03,.05,.03,.05,.03,.05,.03,.05,.03,.05,.03,.05,.03,.06,.03,.05,.03,.05,.03,.05,.03,.05,.03,.05,.03,.04,.03,.05,A,,,20171226053240,
300,20171226,.02,.05,.02,.05,.02,.04,.03,.03,.05,.02,.05,.02,.03,.05,.02,.05,.03,.03,.05,.02,.06,.02,.05,.03,.05,.03,.04,.06,.07,.07,.06,.03,.05,.03,.05,.02,.05,.02,.06,.02,.06,.02,.05,.03,.04,.04,.02,.05,A,,,20171227053220,
300,20171227,.02,.04,.03,.02,.05,.02,.04,.03,.02,.05,.02,.03,.05,.02,.04,.04,.02,.05,.02,.03,.05,.02,.05,.02,.04,.04,.03,.05,.02,.06,.02,.06,.02,.06,.02,.06,.02,.06,.02,.05,.02,.05,.03,.04,.04,.03,.05,.02,A,,,20171228094129,
300,20171228,.05,.02,.04,.04,.02,.05,.02,.03,.04,.02,.04,.03,.02,.05,.02,.02,.05,.02,.04,.04,.02,.06,.02,.05,.03,.04,.04,.03,.05,.03,.05,.03,.05,.03,.05,.03,.06,.02,.06,.02,.06,.02,.06,.02,.05,.02,.05,.03,A,,,20171229093533,
300,20171229,.04,.06,.08,.07,.04,.03,.05,.02,.05,.02,.05,.02,.03,.04,.02,.05,.02,.04,.03,.03,.05,.02,.06,.02,.06,.02,.05,.03,.05,.03,.05,.03,.05,.03,.05,.03,.05,.03,.05,.03,.05,.03,.05,.03,.04,.03,.04,.04,A,,,20171231072528,
300,20171230,.04,.04,.03,.05,.02,.05,.02,.05,.02,.04,.03,.03,.05,.02,.06,.02,.04,.03,.03,.05,.08,.07,.05,.03,.05,.03,.05,.02,.05,.02,.06,.02,.06,.02,.06,.02,.06,.02,.06,.02,.06,.02,.06,.02,.06,.02,.06,.02,A,,,20171231072528,
300,20171231,.06,.02,.05,.02,.05,.03,.04,.03,.04,.04,.03,.05,.02,.05,.02,.06,.02,.05,.03,.05,.03,.04,.04,.04,.04,.04,.04,.04,.05,.07,.17,.14,.14,.1,.06,.06,.06,.06,.04,.03,.1,.08,.03,.06,.03,.02,.06,.03,A,,,20180101063609,
300,20180101,.02,.06,.03,.02,.06,.03,.02,.06,.04,.02,.18,.1,.16,.07,.12,.12,.12,.07,.11,.08,.09,.09,.08,.29,.18,.12,.05,.06,.04,.14,.15,.18,.14,.17,.15,.17,.9,1.05,.3,.27,.26,.28,.14,.29,.1,.08,.06,.1,A,,,20180102063402,
300,20180102,.07,.06,.1,.07,.06,.09,.09,.06,.06,.1,.18,.17,.19,.09,.05,.05,.08,.06,.05,.09,.05,.06,.08,.05,.07,.07,.05,.09,.05,.07,.07,.05,.15,.17,.15,.1,.44,.92,.39,.25,.18,.1,.04,.07,.05,.04,.07,.04,A,,,20180103104004,
300,20180103,.04,.07,.05,.04,.05,.06,.04,.04,.07,.05,.17,.1,.12,.08,.29,.05,.26,.03,.02,.06,.07,.07,.07,.03,.06,.03,.06,.04,.05,.04,.05,.05,.03,.14,.06,.38,.18,.31,.23,.19,.22,.19,.16,.04,.04,.05,.02,.06,A,,,20180104131242,
300,20180104,.03,.03,.06,.02,.04,.05,.02,.04,.04,.02,.04,.05,.02,.03,.18,.12,.1,.11,.04,.05,.04,.12,.13,.1,.2,.09,.06,.27,.23,.45,.35,.09,.04,.37,.94,.63,.77,.67,.31,.25,.26,.14,.09,.07,.04,.04,.06,.02,A,,,20180105114613,
300,20180105,.05,.05,.02,.05,.05,.02,.04,.05,.02,.04,.06,.02,.04,.05,.03,.2,.07,.07,.1,.59,.31,.26,.16,.04,.16,.31,.12,.26,.07,.07,.06,.03,.05,.1,.08,.07,.08,.17,.24,.15,.18,.15,.17,.12,.06,.05,.04,.15,A,,,20180107062137,
300,20180106,.04,.05,.04,.03,.04,.03,.05,.02,.05,.02,.05,.02,.05,.03,.05,.02,.05,.15,.08,.09,.07,.1,.07,.1,.09,.19,.34,.24,.19,.16,.16,.13,.19,.09,.08,.09,.17,.15,.14,.33,.27,.18,.17,.15,.07,.09,.08,.08,A,,,20180107062137,
300,20180107,.08,.06,.09,.06,.09,.06,.07,.09,.06,.08,.07,.06,.09,.06,.05,.14,.13,.1,.14,.1,.12,.12,.11,.07,.03,.05,.38,1.04,.16,.09,.07,.07,.07,.05,.05,.15,.16,.17,.19,.19,.21,.17,.2,.46,.26,.29,.05,.08,A,,,20180108063547,
300,20180108,.04,.06,.06,.04,.06,.06,.04,.05,.07,.1,.08,.08,.04,.09,.08,.02,.11,.05,.04,.06,.05,.04,.07,.05,.14,.11,.08,.1,.04,.07,.03,.05,.06,.06,.09,.05,.13,.13,.33,.52,.29,.32,.37,.08,.25,.06,.04,.09,A,,,20180109103805,
300,20180109,.04,.05,.08,.04,.04,.08,.1,.09,.07,.04,.07,.04,.08,.09,.02,.12,.13,.11,.2,.15,.08,.04,.06,.02,.05,.13,.12,.1,.27,.95,.54,.47,.11,.07,.02,.09,.07,.08,.1,.17,.2,.22,.12,.1,.09,.08,.08,.04,A,,,20180110103546,
300,20180110,.05,.08,.04,.04,.07,.06,.04,.04,.07,.07,.07,.11,.1,.06,.03,.02,.05,.03,.02,.06,.03,.03,.06,.02,.05,.05,.03,.07,.55,.46,.26,.2,.19,.07,.04,.07,.06,.08,.05,.05,.07,.03,.07,.12,.06,.07,.04,.07,A,,,20180111103236,
300,20180111,.05,.05,.07,.04,.06,.06,.04,.07,.05,.04,.07,.09,.09,.16,.12,.18,.24,.05,.25,.22,.16,.23,.15,.1,.14,.15,.22,.09,.03,.06,.02,.07,.03,.06,.11,.1,.09,.13,.18,.2,.32,.23,.33,.11,.21,.02,.07,.08,A,,,20180112103331,
300,20180112,.05,.06,.03,.05,.05,.02,.06,.04,.02,.17,.31,.11,.06,.08,.06,.07,.03,.05,.04,.03,.06,.02,.05,.03,.05,.04,.04,.05,.03,.06,.02,.06,.03,.05,.05,.04,.06,.02,.06,.03,.05,.05,.04,.06,.02,.06,.02,.05,A,,,20180113103750,
300,20180113,.04,.04,.05,.03,.06,.02,.05,.06,.07,.07,.04,.05,.04,.04,.05,.02,.06,.02,.06,.02,.05,.04,.04,.05,.03,.06,.02,.06,.03,.05,.06,.03,.06,.04,.05,.06,.02,.06,.04,.05,.05,.03,.06,.03,.05,.04,.04,.05,A,,,20180114053543,
300,20180114,.02,.06,.02,.05,.04,.04,.05,.02,.06,.02,.05,.04,.03,.05,.02,.06,.03,.04,.05,.02,.06,.03,.05,.05,.03,.06,.03,.05,.05,.03,.06,.04,.05,.06,.02,.06,.04,.04,.06,.02,.06,.03,.04,.05,.09,.06,.07,.02,A,,,20180115053457,
300,20180115,.06,.02,.05,.03,.02,.05,.02,.04,.04,.02,.04,.04,.02,.02,.06,.02,.02,.05,.03,.02,.05,.03,.02,.06,.02,.05,.04,.03,.05,.02,.06,.03,.05,.04,.04,.05,.02,.06,.02,.06,.03,.04,.04,.02,.06,.02,.05,.03,A,,,20180116103633,
300,20180116,.02,.06,.02,.02,.06,.07,.06,.04,.02,.05,.02,.02,.04,.04,.02,.02,.06,.02,.02,.05,.03,.02,.06,.02,.04,.05,.02,.06,.02,.12,.15,.18,.21,.15,.11,.08,.64,.42,.16,.19,.11,.08,.08,.08,.05,.03,.03,.03,A,,,20180117133156,
300,20180117,.07,.08,.04,.03,.03,.03,.03,.03,.03,.03,.03,.05,.06,.07,.07,.06,.04,.04,.09,.16,.04,.04,.53,.49,.22,.43,.09,.07,.06,.07,.06,.04,.31,.12,.1,.08,.07,.35,.59,.21,.21,.35,.08,.06,.02,.03,.11,.15,A,,,20180118113754,
300,20180118,.14,.03,.03,.03,.02,.02,.02,.06,.05,.02,.02,.02,.02,.02,.06,.05,.02,.02,.02,.04,.07,.03,.06,.09,.1,.08,.07,.15,.08,.06,.02,.03,.07,.12,.11,.08,.06,.06,.05,.32,.3,.29,.25,.03,.03,.02,.05,.18,A,,,20180119103853,
300,20180119,.07,.03,.02,.02,.02,.02,.07,.06,.02,.02,.02,.04,.06,.06,.1,.06,.02,.02,.02,.03,.07,.15,.09,.04,.04,.06,.02,.05,.07,.02,.05,.07,.02,.05,.11,.06,.08,.09,.18,.19,.18,.17,.12,.18,.05,.06,.03,.03,A,,,20180120094020,
300,20180120,.06,.02,.04,.05,.02,.04,.05,.02,.03,.06,.02,.02,.05,.04,.02,.02,.06,.03,.02,.05,.05,.08,.11,.04,.05,.12,.11,.4,.14,.29,.13,.15,.18,.09,.1,.13,.08,.24,.41,.88,.35,.21,.08,.1,.07,.06,.1,.06,A,,,20180121053347,
300,20180121,.06,.1,.12,.1,.08,.07,.08,.06,.09,.07,.06,.09,.06,.06,.09,.06,.16,.1,.09,.09,.06,.08,.1,1.04,.58,.49,.19,.19,.19,.16,.26,.44,.14,.26,.16,.13,.2,.2,.23,.18,.26,.28,.23,.08,.07,.02,.02,.06,A,,,20180122053616,
300,20180122,.04,.02,.02,.07,.03,.02,.02,.06,.04,.02,.02,.06,.06,.03,.09,.27,.15,.07,.05,.05,.08,.1,.09,.12,.19,.87,.14,.14,.1,.12,.16,.16,.11,.07,.1,.1,.12,.15,.18,.22,.73,.17,.2,.04,.04,.07,.02,.02,A,,,20180123103602,
300,20180123,.05,.05,.02,.02,.06,.04,.02,.02,.04,.05,.02,.02,.07,.1,.05,.13,.2,.13,.14,.55,.1,.26,.12,.11,.08,.13,.12,.19,.09,.06,.02,.05,.06,.02,.07,.12,.05,.18,.19,.2,.15,.12,.15,.12,.09,.07,.04,.12,A,,,20180124093515,
300,20180124,.07,.03,.04,.05,.02,.03,.05,.02,.02,.06,.02,.02,.05,.04,.02,.06,.05,.25,.12,.1,.22,.12,.2,.1,.12,.07,.11,.1,.05,.08,.05,.06,.06,.04,.09,.11,.09,.64,1,.3,.27,.32,.13,.16,.15,.05,.04,.07,A,,,20180125105240,
300,20180125,.03,.06,.05,.03,.07,.04,.04,.07,.04,.04,.06,.04,.05,.06,.05,.06,.05,.07,.05,.06,.02,.04,.06,.02,.04,.26,.59,.18,.09,.06,.07,.07,.07,.07,.06,.03,.05,.06,.02,.06,.05,.02,.06,.04,.02,.06,.03,.02,A,,,20180126093946,
300,20180126,.06,.03,.02,.06,.03,.02,.05,.06,.08,.07,.06,.02,.03,.06,.02,.02,.06,.03,.02,.05,.05,.02,.05,.05,.02,.05,.05,.02,.06,.04,.03,.07,.03,.04,.07,.02,.79,.39,.2,.19,.09,.06,.02,.05,.06,.02,.02,.05,A,,,20180127063724,
300,20180127,.05,.02,.02,.05,.06,.08,.06,.07,.02,.03,.22,.16,.17,.04,.07,.12,.12,.06,.07,.09,.17,.16,.17,.68,.5,.18,.26,.11,.14,.1,.08,.06,.1,.19,.09,.24,.16,.94,.22,.31,.18,.16,.16,.09,.06,.02,.02,.03,A,,,20180128063027,
300,20180128,.07,.04,.02,.02,.03,.07,.05,.02,.02,.02,.16,.2,.18,.11,.1,.04,.05,.09,.08,.11,.14,.1,.1,.15,.11,.11,.16,.15,.11,.14,.2,.17,.11,.46,.03,.07,.03,.02,.06,.06,.27,.29,.09,.03,.03,.07,.03,.02,A,,,20180129063041,
300,20180129,.03,.07,.03,.02,.02,.07,.03,.02,.02,.05,.04,.06,.15,.22,.19,.1,.07,.09,.11,.08,.1,.12,.06,.05,.1,.23,.62,.34,.37,.2,.33,.21,.07,.09,.27,.42,.19,.21,.23,.22,.21,.21,.19,.29,.25,.07,.02,.03,A,,,20180130093244,
300,20180130,.07,.03,.02,.02,.06,.04,.02,.02,.03,.07,.04,.05,.07,.08,.34,.07,.27,.07,.04,.02,.02,.06,.05,.02,.04,.07,.03,.03,.07,.04,.1,.09,.06,.1,.12,.13,.58,.55,.35,.3,.39,.25,.14,.03,.07,.03,.02,.05,A,,,20180131074658,
300,20180131,.05,.02,.02,.06,.04,.02,.03,.07,.03,.02,.03,.08,.08,.06,.06,.05,.05,.1,.2,.06,.04,.08,.07,.1,.08,.08,.05,.06,.08,.04,.08,.06,.04,.07,.09,.13,.2,.19,.37,.66,.21,.19,.11,.04,.08,.04,.04,.07,A,,,20180201120422,
300,20180201,.05,.04,.05,.07,.04,.04,.06,.06,.04,.04,.06,.07,.05,.06,.09,.08,.05,.05,.12,.36,.2,.05,.26,.06,.02,.02,.02,.06,.04,.02,.06,.07,.12,.12,.1,.23,.44,.13,.15,.16,.16,.17,.08,.04,.02,.02,.06,.04,A,,,20180202110621,
300,20180202,.02,.02,.02,.03,.07,.03,.02,.02,.02,.03,.07,.03,.15,.15,.13,.17,.23,.09,.3,.05,.15,.16,.1,.1,.07,.13,.18,.27,.22,.25,.11,.16,.12,.07,.05,.8,.41,.55,.35,.17,.19,.16,.12,.29,.09,.27,.02,.02,A,,,20180203113222,
300,20180203,.02,.02,.07,.06,.07,.07,.02,.02,.02,.03,.07,.1,.16,.08,.05,.08,.13,.42,.12,.14,.09,.09,.1,.1,.1,.2,.72,.21,.14,.1,.17,.12,.09,.08,.09,.97,.68,.43,.17,.14,.12,.15,.11,.06,.05,.05,.05,.08,A,,,20180205092130,
300,20180204,.06,.05,.05,.05,.05,.08,.07,.05,.05,.05,.2,.16,.17,.06,.07,.09,.15,.43,.19,.14,.42,.14,.09,.13,.14,.2,.2,.1,.42,.17,.13,.1,.19,.08,.15,.09,.06,.79,.27,.26,.18,.07,.05,.08,.05,.05,.08,.05,A,,,20180205103642,
300,20180205,.05,.06,.07,.05,.05,.09,.05,.05,.06,.08,.19,.12,.14,.08,.1,.12,.12,.1,.08,.1,.08,.08,.08,.64,.14,.11,.08,.13,.34,.14,.32,.07,.13,.11,.12,.18,.14,.16,.17,.14,.16,.1,.09,.05,.05,.09,.09,.11,A,,,20180206133349,
300,20180206,.1,.07,.05,.05,.09,.06,.05,.05,.06,.09,.19,.13,.13,.08,.06,.08,.07,.05,.05,.05,.09,.05,.05,.06,.09,.05,.05,.08,.07,.05,.07,.08,.05,.13,.13,.07,.13,.2,.23,.19,.34,.41,.09,.2,.13,.07,.04,.04,A,,,20180207104046,
300,20180207,.08,.06,.05,.05,.09,.05,.05,.05,.09,.06,.26,.22,.2,.07,.05,.05,.09,.05,.05,.05,.09,.05,.05,.07,.07,.05,.07,.08,.05,.07,.09,.06,.14,.2,.2,.1,.17,.09,.06,.09,.05,.08,.06,.1,.09,.05,.08,.06,A,,,20180208113346,
300,20180208,.05,.08,.06,.05,.07,.06,.05,.06,.08,.05,.17,.23,.2,.09,.07,.05,.05,.08,.06,.05,.07,.06,.05,.09,.05,.06,.08,.05,.08,.06,.06,.08,.06,.1,.08,.12,.06,.17,.6,.34,.22,.14,.08,.05,.09,.05,.05,.09,A,,,20180209113910,
300,20180209,.05,.05,.06,.08,.05,.05,.05,.09,.05,.05,.05,.08,.1,.12,.11,.38,.18,.38,.25,.07,.06,.09,.05,.11,.06,.13,.21,.14,.08,.06,.09,.05,.09,.06,.09,.15,.12,.14,.25,.28,.25,.26,.27,.31,.22,.16,.18,.14,A,,,20180210103803,
300,20180210,.13,.08,.07,.05,.08,.06,.05,.07,.07,.05,.05,.09,.05,.05,.08,.11,.17,.13,.33,.11,.14,.31,.1,.08,.07,.06,.09,.07,.12,.13,.15,.14,.11,.14,.12,.1,.13,.25,.84,.31,.23,.25,.21,.12,.12,.11,.1,.07,A,,,20180211063528,
300,20180211,.11,.07,.09,.09,.06,.11,.07,.08,.09,.06,.09,.08,.06,.2,.1,.05,.13,.11,.13,.09,.23,.31,.12,.16,.12,.24,1.34,1.38,.82,.73,.7,.6,.55,.1,.11,.11,.72,1.27,.32,.19,.19,.22,.29,.1,.28,.08,.08,.1,A,,,20180212063350,
300,20180212,.06,.1,.07,.07,.1,.06,.09,.08,.06,.11,.06,.08,.1,.15,.22,.06,.05,.12,.05,.08,.06,.06,.09,.05,.09,.28,.5,.95,.33,.09,.09,.09,.09,.07,.22,.41,.48,.17,.11,.7,.25,.31,.29,.14,.11,.11,.11,.17,A,,,20180213114047,
300,20180213,.13,.08,.11,.08,.08,.11,.07,.08,.11,.07,.08,.15,.08,.12,.12,.2,.12,.11,.1,.09,.09,.07,.09,.12,.15,.17,.18,.18,.11,.09,.09,.07,.09,.18,.12,.08,.11,.14,.6,.61,.27,.37,.18,.2,.1,.06,.11,.18,A,,,20180214104537,
300,20180214,.16,.09,.11,.07,.08,.11,.07,.07,.11,.07,.06,.1,.11,.15,.16,.13,.05,.07,.09,.25,.12,.22,.12,.13,.1,.56,.69,.56,.19,.07,.07,.09,.06,.1,.08,.14,.1,.43,.44,.33,.38,.24,.13,.08,.08,.08,.1,.14,A,,,20180215114019,
300,20180215,.07,.11,.07,.1,.08,.08,.09,.13,.11,.12,.08,.13,.12,.1,.08,.08,.08,.08,.09,.08,.17,.15,.07,.2,.36,.69,.26,.08,.71,.41,.07,.07,.07,.08,.07,.43,.6,.81,.38,.4,.34,.15,.28,.07,.09,.11,.06,.1,A,,,20180216103950,
300,20180216,.09,.06,.11,.08,.07,.11,.07,.08,.1,.06,.17,.2,.17,.1,.06,.08,.06,.07,.06,.06,.08,.12,.09,.09,.06,.08,.06,.07,.07,.07,.08,.09,.15,.08,.07,.08,.06,.08,.06,.08,.06,.08,.06,.08,.05,.08,.05,.09,A,,,20180217093656,
300,20180217,.05,.09,.05,.08,.05,.07,.06,.06,.07,.05,.08,.11,.09,.07,.07,.06,.07,.07,.07,.06,.06,.07,.06,.07,.06,.07,.06,.07,.06,.07,.07,.07,.07,.07,.15,.06,.05,.04,.05,.13,.28,.32,.15,.09,.05,.07,.04,.08,A,,,20180218064217,
300,20180218,.04,.07,.05,.05,.06,.04,.08,.04,.07,.05,.42,.33,.22,.06,.02,.06,.02,.04,.04,.03,.06,.02,.06,.02,.05,.04,.05,.04,.04,.05,.04,.06,.03,.06,.03,.07,.02,.07,.03,.06,.03,.06,.03,.05,.03,.05,.04,.04,A,,,20180219063543,
300,20180219,.04,.03,.05,.02,.06,.02,.05,.03,.04,.04,.03,.05,.02,.05,.03,.03,.05,.02,.06,.07,.07,.07,.03,.05,.05,.03,.06,.03,.04,.05,.03,.06,.04,.04,.06,.02,.05,.04,.04,.05,.02,.06,.03,.05,.04,.04,.04,.04,A,,,20180220094629,
300,20180220,.04,.03,.04,.03,.04,.04,.04,.04,.03,.05,.02,.05,.02,.05,.03,.03,.05,.08,.07,.02,.05,.03,.05,.03,.04,.04,.04,.04,.03,.05,.03,.05,.02,.05,.03,.05,.03,.04,.04,.04,.04,.03,.04,.04,.04,.04,.03,.05,A,,,20180221083350,
300,20180221,.02,.05,.02,.05,.02,.04,.04,.02,.05,.02,.04,.04,.02,.05,.02,.04,.04,.02,.06,.02,.05,.03,.03,.05,.02,.06,.02,.05,.03,.05,.04,.04,.04,.03,.05,.02,.06,.02,.05,.03,.03,.05,.02,.05,.02,.03,.05,.02,A,,,20180222084430,
300,20180222,.05,.03,.02,.06,.02,.03,.05,.02,.03,.05,.02,.03,.05,.02,.03,.05,.02,.03,.05,.02,.03,.05,.02,.04,.04,.02,.06,.02,.03,.05,.02,.05,.03,.03,.05,.02,.05,.02,.03,.05,.02,.05,.03,.02,.05,.02,.04,.04,A,,,20180223083129,
300,20180223,.02,.05,.03,.02,.06,.02,.03,.05,.02,.04,.04,.02,.05,.03,.02,.06,.07,.07,.05,.03,.04,.03,.04,.03,.04,.03,.05,.03,.05,.03,.05,.03,.04,.03,.05,.03,.05,.02,.05,.02,.05,.02,.05,.02,.05,.02,.05,.03,A,,,20180224064226,
300,20180224,.04,.03,.03,.04,.02,.05,.02,.05,.02,.04,.03,.03,.04,.02,.05,.02,.05,.03,.03,.04,.02,.05,.02,.05,.03,.05,.03,.05,.04,.05,.04,.05,.04,.04,.04,.04,.04,.04,.04,.03,.05,.02,.06,.02,.06,.02,.05,.03,A,,,20180225063105,
300,20180225,.04,.06,.08,.07,.02,.05,.03,.04,.03,.04,.03,.04,.03,.05,.02,.05,.02,.05,.02,.05,.02,.05,.03,.05,.03,.04,.04,.04,.05,.07,.12,.14,.12,.1,.11,.18,.75,.82,.62,.29,.3,.41,.17,.31,.13,.13,.12,.1,A,,,20180226063259,
300,20180226,.09,.11,.08,.11,.09,.09,.11,.08,.11,.13,.16,.21,.2,.22,.09,.05,.08,.05,.09,.12,.06,.08,.05,.09,.05,.09,.07,.1,.15,.22,.12,.11,.37,.16,.21,.05,.09,.05,.09,.05,.14,.29,.09,.11,.07,.09,.08,.07,A,,,20180227073750,
300,20180227,.1,.06,.09,.08,.06,.1,.06,.07,.1,.06,.19,.14,.16,.14,.07,.05,.08,.05,.05,.09,.05,.05,.08,.05,.07,.07,.05,.09,.05,.07,.06,.05,.29,.68,.27,.07,.12,.15,.2,.08,.09,.09,.07,.11,.07,.09,.1,.05,A,,,20180228084017,
300,20180228,.08,.05,.05,.08,.05,.05,.08,.05,.05,.07,.18,.12,.2,.1,.13,.07,.05,.06,.08,.12,.09,.07,.07,.06,.08,.06,.08,.06,.08,.06,.08,.06,.1,.09,.13,.06,.09,.19,.4,.24,.52,.24,.13,.24,.1,.06,.08,.08,A,,,20180301084043,
300,20180301,.06,.09,.07,.06,.1,.06,.06,.1,.06,.06,.09,.08,.32,.19,.15,.13,.13,.08,.08,.06,.06,.08,.06,.17,.74,.18,.13,.13,.12,.06,.07,.08,.06,.13,.12,.14,.09,.61,.6,.19,.19,.18,.09,.1,.09,.08,.13,.14,A,,,20180302084038,
300,20180302,.13,.08,.08,.1,.06,.1,.08,.07,.11,.07,.09,.09,.08,.14,.11,.13,.09,.22,.15,.08,.09,.05,.09,.1,.08,.13,.09,.12,.12,.08,.08,.12,.26,.12,.28,.18,.22,.19,.19,.18,.16,.17,.12,.19,.17,.11,.06,.1,A,,,20180303083556,
300,20180303,.08,.06,.1,.08,.06,.09,.08,.06,.09,.08,.06,.09,.08,.05,.08,.1,.11,.11,.07,.07,.11,.08,.07,.11,.09,.1,.11,.16,.16,.16,.15,.14,.11,1.03,.4,.22,.23,.27,.29,.28,.24,.23,.16,.29,.25,.32,.14,.25,A,,,20180304063228,
300,20180304,.08,.09,.06,.09,.08,.06,.1,.07,.07,.1,.06,.07,.1,.13,.1,.18,.11,.07,.12,.14,.16,.17,.13,.14,.61,.32,.2,.07,.07,.04,.06,.05,.05,.06,.04,.06,.03,.06,.02,.07,.02,.06,.03,.05,.03,.05,.04,.04,A,,,20180305063619,
300,20180305,.04,.03,.05,.02,.06,.02,.05,.03,.04,.04,.02,.06,.02,.05,.05,.04,.05,.02,.06,.02,.05,.03,.04,.04,.04,.05,.04,.07,.1,.14,.11,.13,.12,.2,.22,.27,.35,.23,.21,.22,.2,.16,.06,.09,.06,.06,.08,.05,A,,,20180306083645,
300,20180306,.08,.06,.06,.08,.05,.07,.06,.05,.08,.05,.05,.09,.05,.11,.07,.12,.16,.1,.14,.33,.26,.23,.5,.4,.48,.19,.33,.22,.13,.12,.12,.09,.14,.11,.17,.22,.31,.48,.51,.33,.38,.08,.09,.05,.05,.07,.05,.05,A,,,20180307103209,
300,20180307,.05,.06,.07,.05,.05,.05,.09,.05,.05,.05,.08,.08,.1,.12,.21,.08,.07,.12,.09,.07,.05,.06,.66,.43,.14,.1,.12,.15,.11,.09,.09,.05,.08,.05,.07,.12,.22,.34,.81,.22,.23,.22,.3,.38,.08,.31,.06,.19,A,,,20180308083937,
300,20180308,.12,.05,.05,.08,.05,.05,.08,.05,.05,.05,.07,.05,.07,.11,.07,.06,.17,.08,.13,.09,.05,.08,.06,.11,.68,.16,.21,.12,.08,.09,.07,.09,.07,.09,.1,.21,.69,.27,.28,.26,.26,.23,.23,.23,.18,.09,.07,.14,A,,,20180309083629,
300,20180309,.22,.18,.09,.06,.09,.08,.06,.1,.07,.06,.1,.06,.07,.12,.14,.13,.08,.07,.1,.06,.08,.08,.07,.1,.58,.25,.12,.16,.12,.29,.08,.28,.05,.07,.07,.06,.14,.14,.16,.16,.14,.12,.08,.05,.06,.08,.05,.16,A,,,20180310083826,
300,20180310,.16,.05,.05,.08,.06,.05,.05,.08,.06,.05,.05,.08,.07,.05,.05,.07,.21,.09,.13,.09,.1,.16,.12,.19,.1,.1,.07,.09,.05,.72,.14,.13,.14,.14,.09,.1,.14,.56,.28,.26,.27,.38,.28,.48,.09,.25,.14,.05,A,,,20180311063658,
300,20180311,.05,.08,.06,.05,.05,.08,.06,.05,.05,.06,.08,.05,.05,.05,.05,.09,.05,.29,.18,.19,.16,.08,.11,.17,.22,.48,1.01,.68,.64,.3,.15,.14,.12,.1,.12,.16,.3,.36,.6,.37,.33,.26,.12,.07,.06,.06,.06,.06,A,,,20180312063747,
300,20180312,.06,.06,.06,.06,.06,.06,.05,.06,.06,.06,.25,.16,.15,.1,.08,.32,.09,.28,.06,.06,.06,.06,.06,.06,.32,.17,.15,.16,.13,.07,.06,.06,.07,.11,.26,.14,.14,.31,.36,.6,.33,.17,.14,.08,.07,.06,.06,.06,A,,,20180313083355,
300,20180313,.13,.08,.06,.06,.07,.07,.07,.06,.06,.06,.22,.23,.23,.31,.09,.3,.06,.06,.06,.06,.06,.06,.06,.11,.12,.15,.07,.1,.12,.09,.06,.06,.07,.09,.17,.13,.11,.19,.44,.29,.33,.17,.08,.06,.07,.07,.07,.07,A,,,20180314084044,
300,20180314,.06,.06,.07,.07,.06,.05,.09,.1,.08,.06,.31,.3,.19,.09,.06,.06,.08,.13,.16,.13,.13,.08,.06,.06,.06,.06,.06,.06,.06,.06,.06,.07,.09,.09,.13,.06,.22,.72,.75,.28,.52,.33,.3,.19,.07,.07,.06,.06,A,,,20180315084121,
300,20180315,.06,.06,.06,.06,.06,.06,.06,.06,.06,.06,.25,.16,.12,.06,.24,.25,.19,.06,.05,.06,.06,.06,.06,.06,.06,.06,.06,.06,.07,.07,.07,.08,.12,.13,.12,.12,.12,.31,.5,.46,.36,.23,.11,.09,.05,.09,.05,.09,A,,,20180316083123,
300,20180316,.05,.07,.06,.05,.08,.05,.07,.06,.05,.08,.16,.28,.23,.35,.15,.28,.17,.13,.1,.12,.11,.12,.12,.11,.12,.12,.12,.12,.12,.12,.12,.12,.14,.14,.12,.09,.35,1.12,.28,.31,.38,.31,.08,.07,.06,.07,.06,.06,A,,,20180317083205,
300,20180317,.06,.06,.06,.06,.06,.06,.06,.06,.06,.06,.06,.06,.06,.1,.25,.35,.32,.33,.29,.27,.28,.24,.24,.25,.28,.25,.07,.06,.07,.07,.06,.07,.06,.06,.07,.06,.07,.07,.06,.07,.07,.06,.06,.07,.07,.06,.06,.06,A,,,20180318063316,
300,20180318,.06,.06,.06,.06,.06,.06,.06,.06,.06,.06,.06,.06,.06,.07,.12,.14,.12,.06,.06,.06,.06,.12,.15,.09,.34,.29,.2,.13,.1,.07,.11,.12,.3,.11,.35,.73,.7,.44,.56,.59,.49,.17,.08,.06,.07,.07,.06,.06,A,,,20180319063322,
300,20180319,.07,.05,.07,.05,.07,.06,.06,.06,.06,.06,.19,.19,.24,.16,.05,.07,.05,.08,.05,.07,.08,.06,.07,.06,.07,.05,.08,.05,.08,.06,.08,.06,.2,.16,.18,.07,.22,.21,.23,.25,.24,.21,.18,.08,.06,.07,.07,.05,A,,,20180320074440,
300,20180320,.07,.05,.07,.06,.06,.07,.05,.07,.05,.08,.05,.09,.09,.12,.29,.1,.25,.07,.05,.08,.05,.08,.05,.07,.06,.06,.08,.05,.08,.06,.07,.08,.05,.09,.32,.37,.88,.35,.25,.35,.33,.37,.25,.08,.05,.07,.06,.05,A,,,20180321084310,
300,20180321,.07,.05,.08,.05,.05,.07,.05,.07,.05,.05,.09,.07,.11,.05,.05,.07,.05,.07,.05,.07,.05,.06,.06,.07,.06,.07,.05,.08,.05,.14,.1,.08,.05,.15,.14,.12,.18,.6,.34,.28,.31,.3,.14,.07,.06,.06,.06,.06,A,,,20180322083740,
300,20180322,.06,.06,.06,.06,.06,.06,.06,.06,.06,.05,.06,.08,.28,.2,.22,.17,.11,.23,.12,.17,.33,.14,.25,.21,.36,.1,.05,.07,.07,.05,.07,.05,.09,.07,.3,.22,.34,.33,.27,.26,.39,.31,.1,.05,.08,.05,.07,.06,A,,,20180323114002,
300,20180323,.06,.07,.05,.08,.05,.07,.09,.11,.06,.07,.07,.06,.06,.25,.1,.09,.1,.04,.05,.04,.04,.04,.03,.05,.02,.05,.02,.05,.03,.05,.04,.04,.05,.03,.05,.02,.05,.03,.05,.03,.04,.02,.04,.02,.04,.02,.05,.02,A,,,20180324133833,
300,20180324,.05,.03,.05,.02,.05,.02,.05,.03,.04,.04,.03,.05,.02,.05,.02,.05,.03,.03,.04,.02,.05,.02,.05,.02,.05,.02,.05,.02,.05,.02,.06,.02,.06,.02,.06,.02,.05,.03,.05,.02,.05,.02,.05,.02,.05,.02,.05,.02,A,,,20180325063130,
300,20180325,.04,.03,.03,.04,.02,.05,.02,.05,.03,.03,.04,.02,.05,.02,.04,.03,.02,.09,.15,.18,.2,.2,.17,.16,.16,.16,.17,.16,.16,.17,.18,.17,.16,.18,.16,.17,.18,.15,.18,.16,.17,.17,.16,.18,.15,.18,.15,.18,A,,,20180326063535,
300,20180326,.15,.18,.15,.18,.15,.18,.15,.18,.15,.18,.15,.18,.15,.18,.15,.18,.15,.17,.16,.17,.16,.17,.25,.37,.17,.13,.12,.3,.09,.2,.08,.07,.06,.04,.1,.15,.77,.63,.29,.3,.15,.09,.09,.09,.06,.06,.07,.11,A,,,20180327063837,
300,20180327,.08,.09,.05,.07,.05,.06,.06,.04,.08,.04,.07,.07,.16,.04,.05,.12,.15,.11,.15,.06,.19,.04,.06,.02,.05,.04,.65,.13,.2,.08,.2,.05,.04,.1,.05,.24,.5,.15,.14,.17,.15,.08,.05,.02,.06,.04,.03,.16,A,,,20180328084433,
300,20180328,.22,.17,.03,.07,.04,.02,.03,.06,.02,.02,.04,.08,.03,.08,.06,.03,.02,.17,.1,.03,.03,.07,.07,.07,.07,.39,.13,.11,.07,.07,.07,.03,.06,.11,.11,.07,.13,.16,.43,.47,.17,.18,.17,.32,.12,.3,.05,.23,A,,,20180329074025,
300,20180329,.23,.2,.09,.07,.11,.07,.06,.06,.07,.1,.06,.06,.06,.06,.11,.1,.05,.19,.1,.14,.14,.14,.07,.05,.09,.42,.37,.15,.12,.13,.06,.22,.19,.23,.27,.24,.56,.22,.16,.17,.26,.46,.38,.41,.26,.13,.05,.07,A,,,20180330073340,
300,20180330,.06,.05,.07,.06,.05,.07,.07,.05,.06,.08,.05,.05,.09,.05,.05,.07,.21,.28,.11,.11,.08,.07,.19,.14,.07,.16,.31,.12,.34,.09,.09,.09,.09,.1,.06,.09,.19,.17,.2,.31,.24,.23,.28,.35,.3,.1,.05,.07,A,,,20180331053120,
300,20180331,.08,.05,.05,.09,.05,.05,.07,.07,.05,.05,.09,.05,.05,.06,.09,.08,.17,.11,.1,.06,.09,.07,.11,.57,.7,.35,.06,.05,.07,.03,.05,.04,.04,.05,.03,.06,.02,.06,.02,.05,.03,.04,.05,.02,.06,.02,.04,.04,A,,,20180401053801,
300,20180401,.02,.06,.02,.03,.05,.02,.04,.04,.02,.04,.04,.02,.04,.04,.02,.04,.05,.02,.04,.04,.02,.06,.03,.04,.05,.02,.07,.02,.05,.04,.04,.05,.03,.06,.02,.07,.02,.06,.03,.04,.04,.03,.06,.02,.05,.03,.03,.06,A,,,20180402053623,
300,20180402,.08,.06,.05,.03,.05,.02,.06,.02,.04,.04,.02,.06,.02,.04,.04,.02,.05,.03,.03,.05,.02,.05,.03,.04,.05,.02,.06,.02,.06,.02,.06,.03,.05,.04,.05,.1,.29,.19,.18,.21,.04,.05,.05,.02,.05,.04,.02,.04,A,,,20180403063934,
300,20180403,.05,.02,.03,.06,.02,.02,.05,.04,.02,.03,.22,.23,.22,.33,.08,.29,.08,.05,.08,.05,.05,.08,.05,.07,.06,.06,.08,.05,.09,.05,.07,.07,.2,.08,.11,.09,.36,.49,.43,.44,.33,.34,.18,.1,.07,.05,.09,.06,A,,,20180404074423,
300,20180404,.05,.05,.09,.05,.05,.05,.08,.06,.05,.05,.19,.18,.19,.22,.13,.06,.13,.11,.21,.29,.09,.27,.09,.16,.1,.08,.07,.1,.11,.1,.15,.09,.12,.13,.08,.25,.3,.17,.13,.13,.09,.12,.09,.11,.12,.07,.07,.1,A,,,20180405083229,
300,20180405,.06,.06,.09,.08,.06,.07,.1,.06,.06,.08,.09,.06,.06,.09,.08,.16,.13,.1,.12,.2,.14,.08,.12,.5,.47,.12,.11,.1,.15,.07,.09,.09,.09,.11,.06,.11,.27,.17,.15,.18,.11,.05,.05,.09,.05,.05,.05,.18,A,,,20180406113227,
300,20180406,.22,.18,.16,.09,.05,.05,.05,.07,.08,.05,.05,.05,.06,.13,.09,.14,.19,.12,.28,.09,.31,.05,.61,.15,.08,.06,.08,.18,.1,.05,.07,.08,.05,.07,.1,.06,.05,.07,.07,.2,.24,.14,.05,.06,.09,.05,.08,.22,A,,,20180407073048,
300,20180407,.38,.11,.05,.07,.08,.05,.05,.06,.08,.05,.05,.05,.09,.06,.05,.05,.16,.14,.07,.08,.11,.09,.07,.12,.12,.07,.37,.56,.45,.24,.15,.15,.11,.13,.19,.27,.09,.26,.06,.09,.05,.05,.08,.05,.05,.08,.05,.05,A,,,20180408053342,
300,20180408,.09,.05,.05,.08,.05,.05,.07,.07,.05,.05,.09,.05,.05,.05,.09,.05,.05,.07,.1,.06,.05,.09,.05,.05,.09,.05,.08,.25,.09,.11,.13,.08,.1,.11,.05,.2,.87,.85,.46,.46,.51,.45,.08,.05,.03,.05,.04,.02,A,,,20180409063044,
300,20180409,.04,.06,.02,.03,.04,.05,.03,.02,.04,.06,.17,.16,.19,.21,.09,.04,.03,.04,.04,.02,.04,.05,.02,.06,.04,.03,.06,.02,.06,.04,.05,.05,.03,.09,.06,.07,.1,.37,.23,.19,.18,.1,.07,.03,.05,.07,.03,.03,A,,,20180410074134,
300,20180410,.07,.04,.03,.05,.05,.03,.03,.05,.05,.03,.17,.15,.2,.09,.16,.25,.06,.24,.07,.03,.03,.06,.02,.05,.05,.03,.07,.03,.05,.05,.03,.07,.12,.14,.06,.07,1.33,.57,.48,.43,.1,.06,.05,.03,.03,.04,.01,.05,A,,,20180411064018,
300,20180411,.02,.02,.05,.01,.01,.05,.01,.02,.05,.01,.02,.17,.16,.15,.29,.09,.04,.31,.04,.23,.05,.03,.04,.1,.03,.04,.01,.08,.08,.21,.11,.17,.3,.2,.08,.11,.21,.11,.09,.05,.05,.05,.11,.06,.03,.03,.04,.06,A,,,20180412074316,
300,20180412,.03,.02,.03,.02,.05,.05,.02,.02,.02,.02,.05,.06,.02,.02,.03,.05,.3,.08,.1,.1,.19,.19,.06,.13,.16,.13,.31,.1,.26,.04,.03,.07,.04,.03,.07,.03,.17,.49,.74,.47,.17,.05,.03,.07,.02,.02,.05,.04,A,,,20180413073710,
300,20180413,.02,.02,.06,.04,.02,.02,.04,.05,.02,.02,.24,.18,.19,.07,.08,.02,.02,.02,.06,.04,.02,.05,.05,.02,.06,.04,.03,.07,.03,.05,.05,.02,.16,.08,.05,.09,.83,.38,.3,.25,.27,.17,.05,.04,.06,.02,.04,.05,A,,,20180414083947,
300,20180414,.02,.03,.06,.02,.02,.05,.03,.02,.03,.06,.02,.02,.09,.04,.02,.17,.11,.32,.05,.12,.22,.04,.06,.06,.21,.1,.09,.15,.13,.07,.11,.07,.07,.11,.07,.14,.88,.45,.18,.14,.18,.18,.04,.06,.03,.03,.05,.06,A,,,20180415063740,
300,20180415,.12,.19,.15,.08,.09,.07,.03,.05,.03,.04,.04,.02,.05,.02,.07,.12,.16,.17,.22,.08,.21,.11,.13,.08,1.04,.3,.09,.09,.09,.08,.1,.1,.09,.09,.11,.42,.2,.17,.19,.19,.18,.2,.16,.17,.1,.05,.07,.19,A,,,20180416063444,
300,20180416,.16,.07,.06,.09,.06,.05,.05,.09,.06,.05,.05,.08,.07,.07,.1,.13,.13,.14,.11,.23,.14,.12,.12,.1,.05,1.26,.44,.14,.33,.15,.24,.17,.14,.06,.11,.09,.24,.2,.17,.2,.11,.06,.09,.05,.07,.08,.07,.17,A,,,20180417084932,
300,20180417,.25,.07,.05,.09,.06,.05,.06,.08,.05,.05,.13,.23,.13,.05,.05,.08,.21,.09,.09,.08,.05,.19,.12,.11,.17,.1,.1,.16,.09,.08,.06,.09,.05,.09,.06,.08,.09,.05,.09,.06,.06,.09,.05,.06,.09,.05,.05,.13,A,,,20180418073458,
300,20180418,.15,.15,.1,.06,.05,.08,.06,.05,.06,.07,.05,.05,.09,.05,.05,.06,.2,.11,.09,.12,.07,.31,.1,.22,.81,.27,.41,.13,.09,.07,.05,.07,.06,.05,.08,.05,.05,.09,.49,.45,.36,.36,.09,.09,.05,.05,.08,.12,A,,,20180419073102,
300,20180419,.13,.14,.09,.06,.05,.09,.05,.05,.05,.09,.05,.05,.16,.23,.14,.05,.18,.05,.04,.05,.08,.15,.13,.09,.09,.08,.03,.05,.04,.77,.43,.12,.09,.09,.11,.35,.36,.6,.39,.41,.29,.21,.09,.25,.04,.05,.03,.05,A,,,20180420083725,
300,20180420,.04,.03,.06,.03,.02,.06,.03,.03,.06,.03,.03,.05,.02,.06,.08,.17,.16,.05,.05,.07,.02,.03,.05,.02,.05,.09,.09,.05,.11,.18,.07,.08,.14,.11,.04,.05,.04,.02,.05,.03,.02,.05,.06,.08,.21,.03,.04,.05,A,,,20180421073416,
300,20180421,.03,.03,.05,.03,.02,.05,.03,.02,.03,.05,.02,.03,.04,.04,.02,.19,.1,.07,.04,.04,.03,.07,.04,.03,.05,.02,.06,.02,.06,.02,.06,.02,.05,.02,.05,.02,.05,.03,.04,.04,.02,.05,.02,.04,.03,.02,.05,.02,A,,,20180422063925,
300,20180422,.02,.05,.02,.02,.05,.02,.02,.03,.04,.02,.02,.04,.03,.02,.02,.03,.04,.03,.02,.05,.02,.04,.04,.02,.05,.02,.05,.06,.13,.07,.05,.05,.57,.49,.8,.82,.43,.19,.19,.19,.19,.1,.04,.05,.03,.05,.04,.03,A,,,20180423064029,
300,20180423,.04,.05,.03,.03,.04,.05,.03,.03,.03,.04,.05,.03,.02,.05,.1,.14,.37,.09,.15,.2,.03,.07,.05,.15,.12,.25,.13,.08,.08,.08,.06,.09,.06,.1,.11,.2,.12,.17,.22,.25,.19,.2,.21,.16,.03,.05,.08,.16,A,,,20180424084415,
300,20180424,.19,.22,.08,.03,.03,.07,.03,.03,.03,.02,.06,.04,.07,.08,.04,.04,.31,.1,.13,.26,.08,.23,.06,.09,.19,.1,.06,.22,.06,.02,.05,.05,.04,.09,.07,.48,.48,.22,.23,.17,.17,.17,.07,.16,.12,.04,.03,.06,A,,,20180425083616,
300,20180425,.03,.03,.03,.06,.03,.03,.03,.05,.04,.03,.03,.03,.06,.03,.03,.3,.17,.11,.08,.08,.03,.05,.11,.08,.11,.12,.14,.12,.12,.12,.05,.04,.07,.03,.03,.1,.39,.22,.19,.2,.23,.27,.06,.37,.2,.04,.03,.06,A,,,20180426073937,
300,20180426,.04,.03,.03,.06,.04,.03,.03,.04,.06,.03,.03,.04,.11,.09,.07,.09,.08,.14,.06,.05,.03,.05,.04,.03,.07,.03,.06,.04,.04,.11,.15,.19,.14,.14,.09,.14,.21,.82,.21,.17,.17,.3,.33,.07,.23,.05,.09,.05,A,,,20180427073548,
300,20180427,.03,.03,.06,.06,.03,.03,.03,.06,.05,.03,.03,.03,.11,.12,.12,.05,.09,.03,.02,.02,.04,.1,.17,.12,.14,.15,.05,.11,.07,.05,.09,.06,.08,.12,.09,.75,.52,.47,.38,.21,.23,.22,.08,.05,.06,.03,.03,.05,A,,,20180428065950,
300,20180428,.04,.03,.03,.03,.06,.03,.03,.03,.03,.06,.19,.08,.16,.12,.06,.06,.05,.05,.07,.08,.05,.07,.17,.16,.11,.16,.41,.14,.23,.17,.15,.07,.13,.15,.06,.15,.29,.55,.28,.2,.13,.08,.04,.05,.04,.03,.04,.05,A,,,20180429064040,
300,20180429,.03,.03,.03,.04,.05,.03,.03,.03,.03,.03,.19,.19,.17,.03,.03,.03,.08,.12,.09,.07,.08,.12,.07,.07,.11,.08,.08,.16,.09,.08,.12,.05,.09,.18,.6,.53,1.59,.97,.53,.29,.17,.08,.07,.07,.06,.03,.05,.03,A,,,20180430063804,
300,20180430,.03,.03,.04,.05,.09,.06,.04,.03,.03,.03,.2,.2,.17,.04,.06,.05,.05,.08,.1,.14,.11,.18,.17,.07,.16,.12,.05,.08,.08,.07,.1,.04,.22,.09,.04,1.13,.19,.17,.13,.19,.16,.04,.05,.04,.03,.03,.06,.03,A,,,20180501073843,
300,20180501,.03,.03,.05,.04,.03,.03,.03,.05,.04,.03,.03,.03,.2,.2,.16,.03,.02,.06,.03,.03,.03,.07,.03,.03,.07,.03,.04,.06,.03,.05,.04,.03,.07,.02,.05,.34,.22,.2,.2,.12,.09,.06,.03,.03,.06,.03,.03,.05,A,,,20180502073615,
300,20180502,.05,.03,.03,.03,.06,.03,.03,.03,.04,.06,.03,.03,.11,.26,.2,.12,.09,.85,.12,.02,.02,.07,.03,.02,.02,.06,.15,.15,.05,.02,.06,.02,.04,.09,.02,.18,.45,.23,.24,.19,.27,.14,.12,.13,.07,.07,.1,.09,A,,,20180503093600,
300,20180503,.11,.2,.24,.13,.06,.03,.03,.06,.02,.03,.02,.05,.04,.02,.1,.12,.11,.23,.07,.04,.08,.14,.12,.57,.45,.09,.07,.06,.03,.07,.02,.06,.33,.11,.23,.75,.51,.79,.26,.3,.22,.07,.07,.04,.03,.05,.05,.03,A,,,20180504073148,
300,20180504,.03,.05,.04,.03,.02,.04,.06,.08,.07,.05,.03,.02,.19,.07,.31,.44,.14,.04,.04,.06,.02,.04,.05,.02,.06,.04,.04,.06,.02,.06,.03,.05,.05,.12,.31,.17,.28,.37,.2,.14,.15,.1,.13,.07,.03,.04,.06,.03,A,,,20180505073343,
300,20180505,.03,.07,.03,.03,.04,.06,.03,.03,.03,.07,.03,.02,.03,.24,.12,.1,.14,.13,.06,.03,.06,.05,.02,.05,.06,.02,.05,.06,.02,.05,.06,.02,.06,.24,.09,.11,.16,.15,.12,.15,.15,.18,.17,.04,.06,.03,.03,.03,A,,,20180506063650,
300,20180506,.06,.03,.03,.02,.04,.05,.03,.02,.03,.02,.05,.05,.03,.02,.15,.26,.2,.1,.03,.02,.13,.55,.13,.05,.05,.02,.03,.07,.03,.02,.19,.06,.07,.08,.17,.23,.08,.06,.05,.12,.15,.1,.03,.06,.04,.03,.03,.03,A,,,20180507063218,
300,20180507,.06,.04,.02,.02,.03,.03,.07,.03,.02,.03,.25,.26,.19,.12,.12,.16,.2,.13,.08,.11,.15,.12,.08,.09,.12,.18,.11,.07,.09,.03,.06,.13,.12,.11,.13,.36,1.48,.44,.19,.24,.71,.03,.05,.04,.02,.02,.05,.04,A,,,20180508064224,
300,20180508,.03,.03,.05,.05,.03,.03,.04,.06,.03,.03,.11,.22,.2,.07,.03,.03,.02,.06,.03,.03,.03,.06,.03,.02,.05,.04,.03,.04,.05,.02,.04,.05,.05,.11,.16,.13,.79,.18,.19,.24,.13,.08,.08,.07,.03,.04,.06,.03,A,,,20180509063252,
300,20180509,.03,.07,.03,.03,.03,.07,.03,.03,.03,.03,.07,.06,.11,.13,.11,.07,.63,.03,.02,.07,.03,.03,.05,.05,.03,.12,.07,.11,.14,.23,.12,.08,.06,.04,.09,.19,.22,.3,.26,.19,.11,.08,.05,.03,.05,.04,.02,.03,A,,,20180510083305,
300,20180510,.03,.06,.03,.03,.03,.03,.03,.06,.04,.03,.02,.03,.11,.16,.16,.05,.04,.03,.07,.04,.04,.34,.66,.34,.09,.05,.13,.05,.53,.06,.02,.07,.29,.97,.67,.65,.4,.21,.07,.05,.03,.06,.03,.05,.05,.05,.05,.04,A,,,20180511063607,
300,20180511,.03,.03,.06,.03,.03,.03,.03,.06,.03,.03,.03,.03,.02,.03,.13,.03,.11,.05,.05,.04,.06,.06,.14,.07,.09,.24,.16,.08,.03,.06,.02,.03,.06,.04,.04,.62,.23,.09,.1,.09,.04,.04,.05,.03,.02,.02,.02,.15,A,,,20180512073646,
300,20180512,.09,.09,.04,.03,.04,.06,.02,.02,.02,.02,.02,.02,.02,.02,.02,.06,.09,.14,.18,.12,.07,.85,.1,.07,.02,.62,.63,.37,.08,.07,.1,.1,.07,.04,.07,.23,.59,.17,.14,.09,.03,.03,.03,.02,.02,.02,.02,.03,A,,,20180513063831,
300,20180513,.12,.11,.11,.03,.03,.03,.02,.02,.02,.02,.02,.02,.02,.02,.03,.08,.1,.11,.1,.06,.18,.09,.1,.12,.74,.16,.13,.09,.05,.06,.11,.08,.06,.06,.12,.08,.07,.31,.1,.08,.14,.16,.16,.09,.03,.05,.06,.09,A,,,20180514063106,
300,20180514,.09,.07,.03,.03,.03,.02,.04,.07,.02,.02,.02,.02,.02,.03,.06,.06,.06,.13,.68,.2,.11,.09,.16,.07,.1,.12,.16,.2,.05,.09,.09,.12,.21,.07,.2,.28,.88,.29,.27,.24,.19,.09,.05,.06,.1,.04,.02,.03,A,,,20180515083611,
300,20180515,.03,.04,.06,.03,.03,.02,.03,.03,.03,.07,.02,.02,.05,.07,.04,.02,.09,.08,.06,.02,.05,.04,.02,.04,.08,.14,.17,.17,.11,.07,.07,.05,.09,.05,.06,.15,.36,.64,.17,.13,.73,.13,.03,.03,.04,.05,.02,.02,A,,,20180516073908,
300,20180516,.02,.05,.04,.02,.02,.02,.02,.06,.03,.02,.02,.02,.09,.06,.18,.08,.02,.02,.02,.02,.07,.03,.08,.07,.02,.03,.07,.02,.03,.11,.3,.62,.52,.27,.23,.27,.34,.64,.55,.17,.18,.25,.22,.71,.07,.03,.03,.03,A,,,20180517073620,
300,20180517,.03,.03,.06,.03,.03,.02,.03,.02,.03,.03,.03,.03,.27,.14,.08,.06,.02,.02,.02,.02,.05,.05,.02,.06,.1,.06,.06,.02,.02,.08,.09,.08,.06,.54,.49,.3,.15,.15,.22,.16,.11,.07,.04,.14,.09,.08,.02,.02,A,,,20180518083224,
300,20180518,.02,.02,.02,.05,.04,.02,.02,.02,.02,.02,.02,.07,.04,.08,.06,.03,.02,.15,.09,.07,.07,.06,.02,.06,.12,.05,.05,.08,.03,.03,.07,.02,.03,.09,.12,.8,.34,.18,.12,.12,.1,.06,.02,.13,.54,.33,.04,.04,A,,,20180519073819,
300,20180519,.03,.03,.02,.03,.07,.03,.03,.02,.02,.02,.03,.04,.04,.04,.02,.05,.17,.09,.05,.05,.05,.07,.1,.07,.06,.08,.14,.67,.75,.12,.12,.12,.09,.09,.09,.16,.15,.12,.38,.13,.12,.12,.31,.16,.16,.04,.02,.02,A,,,20180520063159,
300,20180520,.02,.06,.02,.02,.02,.02,.02,.02,.02,.02,.02,.02,.05,.04,.02,.02,.19,.08,.05,.11,.15,.12,.08,.09,.11,.06,.63,.33,.07,.06,.05,.02,.05,.09,.18,.43,.41,.45,.3,.28,.54,.33,.07,.06,.03,.02,.02,.02,A,,,20180521063615,
300,20180521,.02,.02,.02,.02,.02,.02,.02,.06,.04,.02,.02,.17,1.23,.12,.22,.14,.14,.19,.28,.64,.3,.06,.08,.09,.05,.05,.07,.09,.05,.08,.11,.06,.07,.1,.09,.83,.49,.38,.32,.22,.47,.22,.11,.03,.03,.03,.04,.06,A,,,20180522073222,
300,20180522,.02,.02,.02,.02,.02,.02,.02,.02,.02,.02,.02,.08,.16,.13,.86,.51,.1,.14,.56,.32,.07,.08,.09,.39,.63,.38,.12,.18,.25,.19,.1,.12,.09,.68,1.1,.66,.31,.26,.24,.2,.09,.03,.03,.04,.05,.02,.02,.02,A,,,20180523083525,
300,20180523,.02,.02,.02,.02,.06,.04,.02,.02,.02,.02,.84,.74,.24,.39,.46,.02,.02,.02,.02,.02,.05,.07,.03,.02,.04,.07,.03,.02,.06,.05,.02,.05,.06,.04,.15,.25,.27,.28,.37,.34,.34,.05,.06,.04,.03,.02,.02,.02,A,,,20180524113353,
300,20180524,.05,.06,.03,.02,.02,.02,.03,.02,.05,.07,.18,.16,.2,.21,.14,.06,.02,.02,.02,.02,.03,.07,.04,.02,.02,.07,.04,.02,.04,.07,.03,.02,.06,.09,.17,.16,.72,.58,.58,.4,.21,.83,.23,.04,.05,.05,.03,.02,A,,,20180525083518,
300,20180525,.05,.04,.02,.02,.02,.04,.06,.02,.02,.02,.02,.32,.24,.2,.22,.06,.06,.06,.04,.02,.02,.03,.07,.03,.02,.04,.06,.02,.03,.05,.05,.02,.04,.11,.06,1.28,.23,.21,.32,.23,.13,.1,.06,.06,.1,.06,.06,.06,A,,,20180526083727,
300,20180526,.08,.08,.06,.06,.06,.07,.1,.06,.06,.06,.06,.06,.1,.11,.05,.07,.23,.15,.12,.14,.12,.07,.12,.08,.16,.33,.19,.1,.14,.06,.09,.05,.07,.09,.51,1.18,.51,.28,.25,.28,.13,.11,.06,.06,.07,.09,.12,.1,A,,,20180527064117,
300,20180527,.09,.06,.06,.06,.06,.06,.06,.09,.08,.06,.06,.06,.06,.25,.22,.09,.06,.06,.06,.11,.1,.08,.08,.81,.31,.11,.05,.06,.1,.07,.06,.66,.37,.12,.18,.59,.17,.18,.18,.09,.06,.07,.22,.2,.19,.04,.02,.02,A,,,20180528063349,
300,20180528,.02,.06,.05,.02,.02,.02,.02,.02,.02,.02,.02,.05,.08,.08,.08,.23,.11,.76,.06,.07,.12,.12,.1,.14,.2,.15,.1,.11,.1,.05,.04,.11,.06,.13,.75,.24,.11,.03,.06,.16,.13,.12,.07,.23,.17,.08,.03,.03,A,,,20180529093839,
300,20180529,.02,.04,.05,.02,.02,.02,.03,.06,.03,.02,.02,.15,.7,.18,.1,.03,.03,.12,.06,.02,.03,.08,.09,.05,.08,.03,.03,.06,.03,.05,.04,.03,.19,.06,.3,.26,.29,.1,.09,.06,.05,.14,.1,.03,.06,.03,.02,.02,A,,,20180530093210,
300,20180530,.06,.02,.02,.02,.03,.05,.02,.02,.02,.02,.04,.05,.02,.07,.12,.44,.35,.04,.02,.02,.03,.06,.02,.02,.07,.03,.03,.06,.02,.06,.1,.08,.16,.24,.25,.32,.29,.37,.29,.33,.32,.12,.07,.06,.06,.09,.07,.06,A,,,20180531083644,
300,20180531,.06,.06,.06,.06,.06,.06,.06,.06,.06,.06,.09,.07,.16,1.81,1.32,.13,.48,1.18,.76,.14,.13,.13,.17,.16,.14,.12,.08,.06,.18,.08,.06,.22,.5,.55,.32,.59,.38,.16,.65,1.19,.38,.08,.08,.05,.05,.05,.05,.05,A,,,20180601073203,
300,20180601,.05,.05,.05,.05,.05,.05,.09,.05,.05,.05,1.12,1.73,1.84,1.25,1.07,.62,.09,.05,.05,.05,.05,.05,.07,.08,.05,.05,.09,.06,.05,.09,.05,.06,.08,.05,.52,.37,.13,.08,.07,.07,.21,.04,.02,.02,.02,.02,.09,.03,A,,,20180602083742,
300,20180602,.03,.03,.07,.03,.02,.03,.03,.02,.03,.02,.02,1.59,1.41,.12,.02,.06,.1,.06,.16,.77,.12,.03,.03,.78,.12,.08,.07,.07,.08,.07,.03,.02,.02,.06,.15,.39,1.25,.26,.18,.28,.13,.04,.05,.03,.03,.02,.02,.02,A,,,20180603063648,
300,20180603,.02,.03,.02,.03,.02,.03,.06,.04,.02,.02,.03,1.49,1.58,.14,.12,.12,.12,.76,.51,.06,.11,.23,.21,.1,.09,.08,.03,.09,.08,.06,.1,.07,.06,.08,.14,.87,.52,.31,.32,.23,.06,.09,.06,.03,.05,.05,.05,.02,A,,,20180604063039,
300,20180604,.03,.06,.09,.03,.03,.05,.06,.05,.05,.05,.04,.07,.97,.47,.62,.37,.07,.03,.02,.02,.04,.06,.02,.02,.06,.05,.05,.12,.08,.08,.09,.05,.08,.2,.2,.95,.27,.24,.21,.28,.31,.26,.22,.6,.03,.04,.05,.02,A,,,20180605093756,
300,20180605,.02,.02,.03,.07,.03,.02,.02,.02,.02,.02,.06,.36,1.35,.2,.1,.02,.02,.02,.02,.03,.06,.02,.02,.06,.03,.03,.06,.02,.05,.04,.02,.06,.02,.05,.04,.02,.05,.06,.07,.07,.02,.02,.05,.03,.02,.02,.02,.05,A,,,20180606083938,
300,20180606,.04,.02,.02,.02,.02,.02,.04,.04,.02,.02,.02,.02,.02,.02,.02,.02,.06,.02,.02,.02,.02,.06,.03,.02,.05,.03,.02,.06,.02,.03,.05,.02,.06,.02,.03,.05,.02,.03,.04,.02,.02,.04,.04,.02,.02,.02,.05,.04,A,,,20180607084104,
300,20180607,.02,.02,.02,.02,.02,.06,.02,.02,.02,.02,.02,.02,.02,.06,.03,.02,.02,.02,.02,.02,.05,.05,.02,.02,.04,.04,.02,.02,.03,.05,.02,.02,.02,.06,.02,.02,.02,.03,.05,.02,.02,.02,.02,.02,.06,.02,.02,.02,A,,,20180608083020,
300,20180608,.02,.02,.02,.03,.06,.02,.02,.02,.02,.02,.02,.02,.06,.03,.02,.02,.02,.02,.02,.02,.06,.04,.02,.02,.02,.05,.04,.02,.02,.06,.07,.07,.05,.02,.05,.03,.02,.02,.06,.02,.02,.02,.04,.04,.02,.02,.02,.05,A,,,20180609083748,
300,20180609,.04,.02,.02,.02,.03,.06,.02,.02,.02,.02,.02,.06,.02,.02,.02,.02,.02,.05,.04,.02,.02,.02,.05,.04,.02,.03,.06,.02,.04,.05,.02,.05,.03,.02,.06,.02,.03,.05,.02,.02,.06,.02,.02,.04,.04,.02,.02,.05,A,,,20180610063235,
300,20180610,.03,.02,.02,.05,.04,.02,.02,.02,.06,.02,.02,.02,.02,.05,.04,.02,.02,.02,.03,.06,.02,.02,.06,.03,.03,.06,.02,.05,.03,.03,.05,.02,.06,.07,.34,1.01,.41,.2,.27,.15,.16,.11,.03,.02,.06,.04,.02,.02,A,,,20180612093532,
300,20180611,.02,.04,.07,.02,.02,.02,.02,.02,.02,.02,.06,.04,.98,1.1,.53,.18,.13,.1,.03,.02,.02,.04,.09,.62,.37,.24,.14,.22,.08,.07,.04,.02,.05,.07,.24,1.16,.37,.26,.21,.2,.43,.64,.03,.05,.05,.03,.02,.13,A,,,20180612093532,
300,20180612,.18,.14,.04,.03,.03,.03,.03,.02,.02,.02,.02,.02,.02,.13,.09,.02,.02,.11,.18,.05,.02,.16,.1,.16,.19,.87,.3,.23,.08,.08,.07,.07,.07,.07,.1,.18,.11,.13,.11,.08,.04,.03,.06,.03,.02,.02,.02,.03,A,,,20180613083702,
300,20180613,.17,.12,.09,.04,.02,.02,.03,.03,.03,.03,.03,.03,.16,.18,.07,.02,.02,.02,.17,.09,.06,.06,.06,.08,.69,.04,.06,.1,.06,.05,.1,.08,.02,.06,.12,.08,.08,.11,.15,.12,.19,.21,.06,.03,.03,.03,.02,.06,A,,,20180614093602,
300,20180614,.03,.02,.02,.02,.02,.06,.04,.02,.02,.02,.02,.03,.1,.17,.15,.15,.07,.03,.05,.1,.08,.07,.05,.02,.03,.1,.11,.06,.06,.25,.06,.07,.06,.02,.72,1.05,.96,.77,.46,.44,.18,.08,.04,.05,.04,.02,.03,.02,A,,,20180615073611,
300,20180615,.03,.05,.04,.02,.03,.03,.03,.03,.03,.02,.03,.09,.18,.17,1.28,1.54,.23,.03,.02,.03,.05,.05,.02,.03,.05,.05,.03,.04,.06,.09,.06,.06,.03,.17,.13,.06,.02,.02,.05,.03,.02,.02,.02,.3,.04,.06,.03,.03,A,,,20180616083809,
300,20180616,.02,.03,.03,.02,.03,.03,.03,.02,.03,.05,.06,.47,.2,.02,.02,.11,.16,.13,.09,.13,.97,1.36,.26,.2,1.48,.12,.1,.07,.13,.08,.11,.04,.03,.06,.11,.19,.23,.16,.12,.05,.03,.02,.02,.02,.02,.02,.06,.2,A,,,20180617063817,
300,20180617,.13,.08,.05,.07,.03,.02,.02,.02,.02,.02,.02,.02,.02,.02,1.6,1.33,.2,.13,.13,.07,.05,.22,.1,.23,.17,.58,1.54,.2,.12,.7,.95,.94,.88,.82,.14,.04,.02,.02,.02,.02,.02,.02,.03,.97,.03,.02,.03,.07,A,,,20180618063657,
300,20180618,.03,.02,.02,.02,.02,.02,.02,.02,.02,.02,.02,.03,2.44,2.59,1.85,.29,.02,.72,1.03,.75,1.09,.23,.02,.02,.02,.02,.02,.07,.14,.21,.69,.33,.44,.64,.11,.69,.28,.2,.19,.19,.83,.98,.04,.03,.03,.02,.02,.02,A,,,20180619083114,
300,20180619,.02,.02,.02,.02,.06,.03,.02,.02,.02,.02,.76,1.77,2.23,.86,.07,.03,.02,.02,.02,.02,.02,.02,.02,.02,.02,.02,.02,.06,.04,.02,.02,.02,.29,.3,.14,.11,.19,.16,.84,.95,1.89,.94,.17,.03,.03,.02,.02,.02,A,,,20180620093513,
300,20180620,.02,.02,.04,.06,.05,.02,.02,.02,.02,.02,2.04,1.98,1.61,.02,.02,.02,.06,.03,.02,.02,.02,.02,.02,.02,.02,.05,.07,.02,.02,.02,.05,.05,.02,.16,.56,.25,.16,.18,.16,.77,.56,.96,.18,.04,.06,.05,.04,.04,A,,,20180621063348,
300,20180621,.04,.04,.04,.04,.04,.04,.04,.04,.04,.08,1.99,2.13,1.9,.02,.02,.02,.02,.02,.02,.02,.02,.02,.07,.06,.07,.07,.07,.05,.03,.07,.03,.04,.42,.08,.1,.06,.02,.02,.03,.05,.09,.2,.1,.04,.05,.02,.02,.02,A,,,20180622114833,
300,20180622,.02,.03,.03,.03,.03,.04,.07,.02,.02,.02,.02,.03,.08,.1,.14,1.36,.9,.24,.49,1.01,.09,.03,.04,.09,.09,.02,.03,.06,.02,.04,.65,.4,.06,.06,.1,.47,.6,.19,.16,.17,.11,.11,.06,.03,.02,.02,.02,.02,A,,,20180623073555,
300,20180623,.06,.03,.02,.02,.02,.02,.02,.02,.02,.02,.04,1.39,.86,.02,.02,.03,.12,.43,.15,.18,.35,.61,.16,.1,.13,.74,.32,.22,.19,.15,.12,.05,.05,.04,.13,.44,.14,.02,.02,.02,.05,.04,.02,.02,.17,.07,.05,.06,A,,,20180624093216,
300,20180624,.02,.02,.02,.02,.02,.02,.02,.02,.02,.05,.05,.02,.02,.02,.02,.71,.7,.05,.06,.02,.23,.24,.09,.1,.06,.05,.06,.02,.05,.06,.02,.02,.06,.03,.05,.14,.15,.19,.16,.6,.04,.03,.03,.07,.02,.02,.02,.02,A,,,20180625063625,
300,20180625,.02,.02,.04,.06,.02,.02,.02,.02,.02,.02,.02,.02,.02,.04,.21,.13,.26,.58,.02,.02,.02,.08,.79,.49,.4,.22,.07,.15,.14,.1,.14,.1,.03,.06,.09,.25,.88,.49,.14,.21,.16,.61,.17,.03,.02,.02,.05,.04,A,,,20180626074311,
300,20180626,.02,.02,.02,.02,.02,.03,.07,.02,.02,.02,.02,.02,.04,.17,1.19,.86,.03,.02,.12,.06,.55,.25,.07,.29,.36,.13,.06,.08,.06,.1,.07,.07,.14,.13,.41,.98,.38,.2,.18,.16,.14,.06,.06,.03,.02,.02,.02,.02,A,,,20180627084254,
300,20180627,.02,.02,.02,.02,.02,.02,.02,.06,.06,.02,.87,1.07,.52,.73,.04,.02,.02,.02,.02,.02,.02,.02,.02,.05,.07,.03,.02,.02,.02,.02,.02,.02,.17,.13,.16,.3,.5,.23,.18,.15,.22,.08,.03,.03,.03,.02,.02,.05,A,,,20180628083838,
300,20180628,.06,.02,.02,.02,.02,.02,.02,.02,.02,.02,.03,.07,.1,.13,.1,.16,.06,.06,.06,.06,.07,.1,.34,.32,.19,.08,.11,.19,.05,.02,.03,.06,.03,.07,.08,.35,.34,.24,.14,.12,.2,.12,.05,.02,.02,.02,.03,.14,A,,,20180629083049,
300,20180629,.12,.09,.03,.03,.03,.02,.02,.02,.05,.06,.02,.02,.13,.11,.12,.06,.02,.12,.11,.63,.22,.05,.23,.09,.3,.09,.06,.02,.04,.07,.05,.02,.02,.07,.1,.56,.28,.33,.41,.43,.28,.19,.12,.67,.65,.14,.1,.04,A,,,20180630073349,
300,20180630,.05,.02,.02,.02,.02,.06,.03,.02,.02,.02,.02,.02,.03,.1,.06,.11,.17,.2,.17,.11,.08,.08,.07,.13,.14,.18,.16,.58,.21,.09,.06,.03,.1,.13,.07,.21,.13,.13,.16,.15,.12,.13,.19,.13,.07,.03,.05,.03,A,,,20180701063236,
900
